id,filename,relative_path,technical_score,technical_rank,visual_tier,editorial_confidence,review_method,primary_page,secondary_page,story_type,duplicate_group,duplicate_role,status,notes
001,IMG_8067.JPG,AESTHETIC/IMG_8067.JPG,48.14,41,C-CANDIDATE,LOW,CONTEXT_FALLBACK,GALLERY,BACKGROUND,AESTHETIC_CONTEXT,NONE,UNIQUE,CANDIDATE,TECHNICAL_FALLBACK. No visual inspection performed.
002,IMG_8068.JPG,AESTHETIC/IMG_8068.JPG,96.85,90,S-CANDIDATE,LOW,CONTEXT_FALLBACK,GALLERY,BACKGROUND,AESTHETIC_CONTEXT,NONE,UNIQUE,CANDIDATE,TECHNICAL_FALLBACK. No visual inspection performed.
003,IMG_8071.JPG,AESTHETIC/IMG_8071.JPG,80.27,75,A-CANDIDATE,LOW,CONTEXT_FALLBACK,GALLERY,BACKGROUND,AESTHETIC_CONTEXT,NONE,UNIQUE,CANDIDATE,TECHNICAL_FALLBACK. No visual inspection performed.
004,IMG_8113.JPG,AESTHETIC/IMG_8113.JPG,94.41,87,S-CANDIDATE,LOW,CONTEXT_FALLBACK,GALLERY,BACKGROUND,AESTHETIC_CONTEXT,NONE,UNIQUE,CANDIDATE,TECHNICAL_FALLBACK. No visual inspection performed.
005,IMG_8121.JPG,AESTHETIC/IMG_8121.JPG,87.56,80,A-CANDIDATE,LOW,CONTEXT_FALLBACK,GALLERY,BACKGROUND,AESTHETIC_CONTEXT,NONE,UNIQUE,CANDIDATE,TECHNICAL_FALLBACK. No visual inspection performed.
006,IMG_7822.JPG,GORO/IMG_7822.JPG,91.59,84,S-CANDIDATE,LOW,CONTEXT_FALLBACK,KKN,ABOUT,KKN_ACTIVITY_CONTEXT,NONE,UNIQUE,CANDIDATE,TECHNICAL_FALLBACK. No visual inspection performed.
007,IMG_7828.JPG,GORO/IMG_7828.JPG,101.54,93,S-CANDIDATE,LOW,CONTEXT_FALLBACK,KKN,ABOUT,KKN_ACTIVITY_CONTEXT,NONE,UNIQUE,CANDIDATE,TECHNICAL_FALLBACK. No visual inspection performed.
008,IMG_8083.JPG,GORO/SORE/IMG_8083.JPG,95.9,89,S-CANDIDATE,LOW,CONTEXT_FALLBACK,KKN,GALLERY,KKN_ACTIVITY_CONTEXT,NONE,UNIQUE,CANDIDATE,TECHNICAL_FALLBACK. No visual inspection performed.
009,IMG_8084.JPG,GORO/SORE/IMG_8084.JPG,72.69,66,B-CANDIDATE,LOW,CONTEXT_FALLBACK,KKN,GALLERY,KKN_ACTIVITY_CONTEXT,NONE,UNIQUE,CANDIDATE,TECHNICAL_FALLBACK. No visual inspection performed.
010,IMG_8086.JPG,GORO/SORE/IMG_8086.JPG,57.76,51,B-CANDIDATE,LOW,CONTEXT_FALLBACK,KKN,GALLERY,KKN_ACTIVITY_CONTEXT,NONE,UNIQUE,CANDIDATE,TECHNICAL_FALLBACK. No visual inspection performed.
011,IMG_8087.JPG,GORO/SORE/IMG_8087.JPG,6.28,13,REJECT-CANDIDATE,LOW,CONTEXT_FALLBACK,KKN,GALLERY,KKN_ACTIVITY_CONTEXT,NONE,UNIQUE,ARCHIVE,TECHNICAL_FALLBACK. No visual inspection performed.
012,IMG_8088.JPG,GORO/SORE/IMG_8088.JPG,96.9,90,S-CANDIDATE,LOW,CONTEXT_FALLBACK,KKN,GALLERY,KKN_ACTIVITY_CONTEXT,NONE,UNIQUE,CANDIDATE,TECHNICAL_FALLBACK. No visual inspection performed.
013,IMG_8090.JPG,GORO/SORE/IMG_8090.JPG,50.8,44,C-CANDIDATE,LOW,CONTEXT_FALLBACK,KKN,GALLERY,KKN_ACTIVITY_CONTEXT,NONE,UNIQUE,CANDIDATE,TECHNICAL_FALLBACK. No visual inspection performed.
014,IMG_8091.JPG,GORO/SORE/IMG_8091.JPG,109.67,100,S-CANDIDATE,LOW,CONTEXT_FALLBACK,KKN,GALLERY,KKN_ACTIVITY_CONTEXT,NONE,UNIQUE,CANDIDATE,TECHNICAL_FALLBACK. No visual inspection performed.
015,IMG_8093.JPG,GORO/SORE/IMG_8093.JPG,32.22,25,C-CANDIDATE,LOW,CONTEXT_FALLBACK,KKN,GALLERY,KKN_ACTIVITY_CONTEXT,NONE,UNIQUE,CANDIDATE,TECHNICAL_FALLBACK. No visual inspection performed.
016,IMG_8094.JPG,GORO/SORE/IMG_8094.JPG,107.35,98,S-CANDIDATE,LOW,CONTEXT_FALLBACK,KKN,GALLERY,KKN_ACTIVITY_CONTEXT,NONE,UNIQUE,CANDIDATE,TECHNICAL_FALLBACK. No visual inspection performed.
017,IMG_8095.JPG,GORO/SORE/IMG_8095.JPG,35.32,28,C-CANDIDATE,LOW,CONTEXT_FALLBACK,KKN,GALLERY,KKN_ACTIVITY_CONTEXT,NONE,UNIQUE,CANDIDATE,TECHNICAL_FALLBACK. No visual inspection performed.
018,IMG_8097.JPG,GORO/SORE/IMG_8097.JPG,42.34,36,C-CANDIDATE,LOW,CONTEXT_FALLBACK,KKN,GALLERY,KKN_ACTIVITY_CONTEXT,NONE,UNIQUE,CANDIDATE,TECHNICAL_FALLBACK. No visual inspection performed.
019,IMG_8101.JPG,GORO/SORE/IMG_8101.JPG,59.25,52,B-CANDIDATE,LOW,CONTEXT_FALLBACK,KKN,GALLERY,KKN_ACTIVITY_CONTEXT,NONE,UNIQUE,CANDIDATE,TECHNICAL_FALLBACK. No visual inspection performed.
020,IMG_8104.JPG,GORO/SORE/IMG_8104.JPG,96.57,89,S-CANDIDATE,LOW,CONTEXT_FALLBACK,KKN,GALLERY,KKN_ACTIVITY_CONTEXT,NONE,UNIQUE,CANDIDATE,TECHNICAL_FALLBACK. No visual inspection performed.
021,IMG_8108.JPG,GORO/SORE/IMG_8108.JPG,5.28,12,REJECT-CANDIDATE,LOW,CONTEXT_FALLBACK,KKN,GALLERY,KKN_ACTIVITY_CONTEXT,NONE,UNIQUE,ARCHIVE,TECHNICAL_FALLBACK. No visual inspection performed.
022,IMG_8109.JPG,GORO/SORE/IMG_8109.JPG,98.06,90,S-CANDIDATE,LOW,CONTEXT_FALLBACK,KKN,GALLERY,KKN_ACTIVITY_CONTEXT,NONE,UNIQUE,CANDIDATE,TECHNICAL_FALLBACK. No visual inspection performed.
023,IMG_8111.JPG,GORO/SORE/IMG_8111.JPG,34.33,27,C-CANDIDATE,LOW,CONTEXT_FALLBACK,KKN,GALLERY,KKN_ACTIVITY_CONTEXT,NONE,UNIQUE,CANDIDATE,TECHNICAL_FALLBACK. No visual inspection performed.
024,IMG_8115.JPG,GORO/SORE/IMG_8115.JPG,-13.18,0,REJECT-CANDIDATE,LOW,CONTEXT_FALLBACK,KKN,GALLERY,KKN_ACTIVITY_CONTEXT,NONE,UNIQUE,ARCHIVE,TECHNICAL_FALLBACK. No visual inspection performed.
025,IMG_8119.JPG,GORO/SORE/IMG_8119.JPG,93.91,87,S-CANDIDATE,LOW,CONTEXT_FALLBACK,KKN,GALLERY,KKN_ACTIVITY_CONTEXT,NONE,UNIQUE,CANDIDATE,TECHNICAL_FALLBACK. No visual inspection performed.
026,IMG_8122.JPG,GORO/SORE/IMG_8122.JPG,0.8,8,REJECT-CANDIDATE,LOW,CONTEXT_FALLBACK,KKN,GALLERY,KKN_ACTIVITY_CONTEXT,NONE,UNIQUE,ARCHIVE,TECHNICAL_FALLBACK. No visual inspection performed.
027,IMG_7844.JPG,KKN RA AL KAUTSAR/IMG_7844.JPG,8.1,14,REJECT-CANDIDATE,LOW,CONTEXT_FALLBACK,KKN,PENDIDIKAN,KKN_EDU_CONTEXT,NONE,UNIQUE,ARCHIVE,TECHNICAL_FALLBACK. No visual inspection performed.
028,IMG_7847.JPG,KKN RA AL KAUTSAR/IMG_7847.JPG,47.15,41,C-CANDIDATE,LOW,CONTEXT_FALLBACK,KKN,PENDIDIKAN,KKN_EDU_CONTEXT,NONE,UNIQUE,CANDIDATE,TECHNICAL_FALLBACK. No visual inspection performed.
029,IMG_7852.JPG,KKN RA AL KAUTSAR/IMG_7852.JPG,71.86,65,B-CANDIDATE,LOW,CONTEXT_FALLBACK,KKN,PENDIDIKAN,KKN_EDU_CONTEXT,NONE,UNIQUE,CANDIDATE,TECHNICAL_FALLBACK. No visual inspection performed.
030,IMG_7855.JPG,KKN RA AL KAUTSAR/IMG_7855.JPG,100.0,92,S-CANDIDATE,LOW,CONTEXT_FALLBACK,KKN,PENDIDIKAN,KKN_EDU_CONTEXT,NONE,UNIQUE,CANDIDATE,TECHNICAL_FALLBACK. No visual inspection performed.
031,IMG_7856.JPG,KKN RA AL KAUTSAR/IMG_7856.JPG,76.0,70,A-CANDIDATE,LOW,CONTEXT_FALLBACK,KKN,PENDIDIKAN,KKN_EDU_CONTEXT,NONE,UNIQUE,CANDIDATE,TECHNICAL_FALLBACK. No visual inspection performed.
032,IMG_7859.JPG,KKN RA AL KAUTSAR/IMG_7859.JPG,71.19,64,B-CANDIDATE,LOW,CONTEXT_FALLBACK,KKN,PENDIDIKAN,KKN_EDU_CONTEXT,NONE,UNIQUE,CANDIDATE,TECHNICAL_FALLBACK. No visual inspection performed.
033,IMG_7860.JPG,KKN RA AL KAUTSAR/IMG_7860.JPG,13.24,18,REJECT-CANDIDATE,LOW,CONTEXT_FALLBACK,KKN,PENDIDIKAN,KKN_EDU_CONTEXT,NONE,UNIQUE,ARCHIVE,TECHNICAL_FALLBACK. No visual inspection performed.
034,IMG_7863.JPG,KKN RA AL KAUTSAR/IMG_7863.JPG,73.96,67,B-CANDIDATE,LOW,CONTEXT_FALLBACK,KKN,PENDIDIKAN,KKN_EDU_CONTEXT,NONE,UNIQUE,CANDIDATE,TECHNICAL_FALLBACK. No visual inspection performed.
035,IMG_7867.JPG,KKN RA AL KAUTSAR/IMG_7867.JPG,67.38,60,B-CANDIDATE,LOW,CONTEXT_FALLBACK,KKN,PENDIDIKAN,KKN_EDU_CONTEXT,NONE,UNIQUE,CANDIDATE,TECHNICAL_FALLBACK. No visual inspection performed.
036,IMG_7868.JPG,KKN RA AL KAUTSAR/IMG_7868.JPG,78.28,73,A-CANDIDATE,LOW,CONTEXT_FALLBACK,KKN,PENDIDIKAN,KKN_EDU_CONTEXT,NONE,UNIQUE,CANDIDATE,TECHNICAL_FALLBACK. No visual inspection performed.
037,IMG_7869.JPG,KKN RA AL KAUTSAR/IMG_7869.JPG,68.04,60,B-CANDIDATE,LOW,CONTEXT_FALLBACK,KKN,PENDIDIKAN,KKN_EDU_CONTEXT,NONE,UNIQUE,CANDIDATE,TECHNICAL_FALLBACK. No visual inspection performed.
038,IMG_7870.JPG,KKN RA AL KAUTSAR/IMG_7870.JPG,98.67,91,S-CANDIDATE,LOW,CONTEXT_FALLBACK,KKN,PENDIDIKAN,KKN_EDU_CONTEXT,NONE,UNIQUE,CANDIDATE,TECHNICAL_FALLBACK. No visual inspection performed.
039,IMG_7871.JPG,KKN RA AL KAUTSAR/IMG_7871.JPG,9.43,16,REJECT-CANDIDATE,LOW,CONTEXT_FALLBACK,KKN,PENDIDIKAN,KKN_EDU_CONTEXT,NONE,UNIQUE,ARCHIVE,TECHNICAL_FALLBACK. No visual inspection performed.
040,IMG_7872.JPG,KKN RA AL KAUTSAR/IMG_7872.JPG,80.98,75,A-CANDIDATE,LOW,CONTEXT_FALLBACK,KKN,PENDIDIKAN,KKN_EDU_CONTEXT,NONE,UNIQUE,CANDIDATE,TECHNICAL_FALLBACK. No visual inspection performed.
041,IMG_7875.JPG,KKN RA AL KAUTSAR/IMG_7875.JPG,81.09,75,A-CANDIDATE,LOW,CONTEXT_FALLBACK,KKN,PENDIDIKAN,KKN_EDU_CONTEXT,NONE,UNIQUE,CANDIDATE,TECHNICAL_FALLBACK. No visual inspection performed.
042,IMG_7877.JPG,KKN RA AL KAUTSAR/IMG_7877.JPG,92.42,85,S-CANDIDATE,LOW,CONTEXT_FALLBACK,KKN,PENDIDIKAN,KKN_EDU_CONTEXT,NONE,UNIQUE,CANDIDATE,TECHNICAL_FALLBACK. No visual inspection performed.
043,IMG_7878.JPG,KKN RA AL KAUTSAR/IMG_7878.JPG,51.46,45,C-CANDIDATE,LOW,CONTEXT_FALLBACK,KKN,PENDIDIKAN,KKN_EDU_CONTEXT,NONE,UNIQUE,CANDIDATE,TECHNICAL_FALLBACK. No visual inspection performed.
044,IMG_7879.JPG,KKN RA AL KAUTSAR/IMG_7879.JPG,-0.07,7,REJECT-CANDIDATE,LOW,CONTEXT_FALLBACK,KKN,PENDIDIKAN,KKN_EDU_CONTEXT,NONE,UNIQUE,ARCHIVE,TECHNICAL_FALLBACK. No visual inspection performed.
045,IMG_7881.JPG,KKN RA AL KAUTSAR/IMG_7881.JPG,3.79,11,REJECT-CANDIDATE,LOW,CONTEXT_FALLBACK,KKN,PENDIDIKAN,KKN_EDU_CONTEXT,NONE,UNIQUE,ARCHIVE,TECHNICAL_FALLBACK. No visual inspection performed.
046,IMG_7882.JPG,KKN RA AL KAUTSAR/IMG_7882.JPG,89.22,82,A-CANDIDATE,LOW,CONTEXT_FALLBACK,KKN,PENDIDIKAN,KKN_EDU_CONTEXT,NONE,UNIQUE,CANDIDATE,TECHNICAL_FALLBACK. No visual inspection performed.
047,IMG_7883.JPG,KKN RA AL KAUTSAR/IMG_7883.JPG,32.39,25,C-CANDIDATE,LOW,CONTEXT_FALLBACK,KKN,PENDIDIKAN,KKN_EDU_CONTEXT,NONE,UNIQUE,CANDIDATE,TECHNICAL_FALLBACK. No visual inspection performed.
048,IMG_7885.JPG,KKN RA AL KAUTSAR/IMG_7885.JPG,67.05,59,B-CANDIDATE,LOW,CONTEXT_FALLBACK,KKN,PENDIDIKAN,KKN_EDU_CONTEXT,NONE,UNIQUE,CANDIDATE,TECHNICAL_FALLBACK. No visual inspection performed.
049,IMG_7888.JPG,KKN RA AL KAUTSAR/IMG_7888.JPG,54.28,47,C-CANDIDATE,LOW,CONTEXT_FALLBACK,KKN,PENDIDIKAN,KKN_EDU_CONTEXT,NONE,UNIQUE,CANDIDATE,TECHNICAL_FALLBACK. No visual inspection performed.
050,IMG_7890.JPG,KKN RA AL KAUTSAR/IMG_7890.JPG,34.66,27,C-CANDIDATE,LOW,CONTEXT_FALLBACK,KKN,PENDIDIKAN,KKN_EDU_CONTEXT,NONE,UNIQUE,CANDIDATE,TECHNICAL_FALLBACK. No visual inspection performed.
051,IMG_7895.JPG,KKN RA AL KAUTSAR/IMG_7895.JPG,2.96,11,REJECT-CANDIDATE,LOW,CONTEXT_FALLBACK,KKN,PENDIDIKAN,KKN_EDU_CONTEXT,NONE,UNIQUE,ARCHIVE,TECHNICAL_FALLBACK. No visual inspection performed.
052,IMG_7896.JPG,KKN RA AL KAUTSAR/IMG_7896.JPG,61.08,53,B-CANDIDATE,LOW,CONTEXT_FALLBACK,KKN,PENDIDIKAN,KKN_EDU_CONTEXT,NONE,UNIQUE,CANDIDATE,TECHNICAL_FALLBACK. No visual inspection performed.
053,IMG_7897.JPG,KKN RA AL KAUTSAR/IMG_7897.JPG,-10.19,1,REJECT-CANDIDATE,LOW,CONTEXT_FALLBACK,KKN,PENDIDIKAN,KKN_EDU_CONTEXT,NONE,UNIQUE,ARCHIVE,TECHNICAL_FALLBACK. No visual inspection performed.
054,IMG_7899.JPG,KKN RA AL KAUTSAR/IMG_7899.JPG,59.59,52,B-CANDIDATE,LOW,CONTEXT_FALLBACK,KKN,PENDIDIKAN,KKN_EDU_CONTEXT,NONE,UNIQUE,CANDIDATE,TECHNICAL_FALLBACK. No visual inspection performed.
055,IMG_7906.JPG,KKN RA AL KAUTSAR/IMG_7906.JPG,81.48,75,A-CANDIDATE,LOW,CONTEXT_FALLBACK,KKN,PENDIDIKAN,KKN_EDU_CONTEXT,NONE,UNIQUE,CANDIDATE,TECHNICAL_FALLBACK. No visual inspection performed.
056,IMG_7910.JPG,KKN RA AL KAUTSAR/IMG_7910.JPG,79.65,74,A-CANDIDATE,LOW,CONTEXT_FALLBACK,KKN,PENDIDIKAN,KKN_EDU_CONTEXT,NONE,UNIQUE,CANDIDATE,TECHNICAL_FALLBACK. No visual inspection performed.
057,IMG_7911.JPG,KKN RA AL KAUTSAR/IMG_7911.JPG,84.3,78,A-CANDIDATE,LOW,CONTEXT_FALLBACK,KKN,PENDIDIKAN,KKN_EDU_CONTEXT,NONE,UNIQUE,CANDIDATE,TECHNICAL_FALLBACK. No visual inspection performed.
058,IMG_7912.JPG,KKN RA AL KAUTSAR/IMG_7912.JPG,75.01,68,A-CANDIDATE,LOW,CONTEXT_FALLBACK,KKN,PENDIDIKAN,KKN_EDU_CONTEXT,NONE,UNIQUE,CANDIDATE,TECHNICAL_FALLBACK. No visual inspection performed.
059,IMG_7913.JPG,KKN RA AL KAUTSAR/IMG_7913.JPG,77.83,72,A-CANDIDATE,LOW,CONTEXT_FALLBACK,KKN,PENDIDIKAN,KKN_EDU_CONTEXT,NONE,UNIQUE,CANDIDATE,TECHNICAL_FALLBACK. No visual inspection performed.
060,IMG_7917.JPG,KKN RA AL KAUTSAR/IMG_7917.JPG,-7.87,2,REJECT-CANDIDATE,LOW,CONTEXT_FALLBACK,KKN,PENDIDIKAN,KKN_EDU_CONTEXT,NONE,UNIQUE,ARCHIVE,TECHNICAL_FALLBACK. No visual inspection performed.
061,IMG_7918.JPG,KKN RA AL KAUTSAR/IMG_7918.JPG,56.6,50,B-CANDIDATE,LOW,CONTEXT_FALLBACK,KKN,PENDIDIKAN,KKN_EDU_CONTEXT,NONE,UNIQUE,CANDIDATE,TECHNICAL_FALLBACK. No visual inspection performed.
062,IMG_7920.JPG,KKN RA AL KAUTSAR/IMG_7920.JPG,7.44,14,REJECT-CANDIDATE,LOW,CONTEXT_FALLBACK,KKN,PENDIDIKAN,KKN_EDU_CONTEXT,NONE,UNIQUE,ARCHIVE,TECHNICAL_FALLBACK. No visual inspection performed.
063,IMG_7923.JPG,KKN RA AL KAUTSAR/IMG_7923.JPG,76.29,70,A-CANDIDATE,LOW,CONTEXT_FALLBACK,KKN,PENDIDIKAN,KKN_EDU_CONTEXT,NONE,UNIQUE,CANDIDATE,TECHNICAL_FALLBACK. No visual inspection performed.
064,IMG_7926.JPG,KKN RA AL KAUTSAR/IMG_7926.JPG,8.76,15,REJECT-CANDIDATE,LOW,CONTEXT_FALLBACK,KKN,PENDIDIKAN,KKN_EDU_CONTEXT,NONE,UNIQUE,ARCHIVE,TECHNICAL_FALLBACK. No visual inspection performed.
065,IMG_7934.JPG,KKN RA AL KAUTSAR/IMG_7934.JPG,40.18,33,C-CANDIDATE,LOW,CONTEXT_FALLBACK,KKN,PENDIDIKAN,KKN_EDU_CONTEXT,NONE,UNIQUE,CANDIDATE,TECHNICAL_FALLBACK. No visual inspection performed.
066,IMG_7936.JPG,KKN RA AL KAUTSAR/IMG_7936.JPG,45.66,39,C-CANDIDATE,LOW,CONTEXT_FALLBACK,KKN,PENDIDIKAN,KKN_EDU_CONTEXT,NONE,UNIQUE,CANDIDATE,TECHNICAL_FALLBACK. No visual inspection performed.
067,IMG_7940.JPG,KKN RA AL KAUTSAR/IMG_7940.JPG,7.27,14,REJECT-CANDIDATE,LOW,CONTEXT_FALLBACK,KKN,PENDIDIKAN,KKN_EDU_CONTEXT,NONE,UNIQUE,ARCHIVE,TECHNICAL_FALLBACK. No visual inspection performed.
068,IMG_7941.JPG,KKN RA AL KAUTSAR/IMG_7941.JPG,21.23,20,REJECT-CANDIDATE,LOW,CONTEXT_FALLBACK,KKN,PENDIDIKAN,KKN_EDU_CONTEXT,NONE,UNIQUE,ARCHIVE,TECHNICAL_FALLBACK. No visual inspection performed.
069,IMG_7943.JPG,KKN RA AL KAUTSAR/IMG_7943.JPG,31.23,23,C-CANDIDATE,LOW,CONTEXT_FALLBACK,KKN,PENDIDIKAN,KKN_EDU_CONTEXT,NONE,UNIQUE,CANDIDATE,TECHNICAL_FALLBACK. No visual inspection performed.
070,IMG_7945.JPG,KKN RA AL KAUTSAR/IMG_7945.JPG,40.51,34,C-CANDIDATE,LOW,CONTEXT_FALLBACK,KKN,PENDIDIKAN,KKN_EDU_CONTEXT,NONE,UNIQUE,CANDIDATE,TECHNICAL_FALLBACK. No visual inspection performed.
071,IMG_7953.JPG,KKN RA AL KAUTSAR/IMG_7953.JPG,69.7,62,B-CANDIDATE,LOW,CONTEXT_FALLBACK,KKN,PENDIDIKAN,KKN_EDU_CONTEXT,NONE,UNIQUE,CANDIDATE,TECHNICAL_FALLBACK. No visual inspection performed.
072,IMG_7954.JPG,KKN RA AL KAUTSAR/IMG_7954.JPG,90.6,83,S-CANDIDATE,LOW,CONTEXT_FALLBACK,KKN,PENDIDIKAN,KKN_EDU_CONTEXT,NONE,UNIQUE,CANDIDATE,TECHNICAL_FALLBACK. No visual inspection performed.
073,IMG_7955.JPG,KKN RA AL KAUTSAR/IMG_7955.JPG,35.37,28,C-CANDIDATE,LOW,CONTEXT_FALLBACK,KKN,PENDIDIKAN,KKN_EDU_CONTEXT,NONE,UNIQUE,CANDIDATE,TECHNICAL_FALLBACK. No visual inspection performed.
074,IMG_7956.JPG,KKN RA AL KAUTSAR/IMG_7956.JPG,-3.39,4,REJECT-CANDIDATE,LOW,CONTEXT_FALLBACK,KKN,PENDIDIKAN,KKN_EDU_CONTEXT,NONE,UNIQUE,ARCHIVE,TECHNICAL_FALLBACK. No visual inspection performed.
075,IMG_7957.JPG,KKN RA AL KAUTSAR/IMG_7957.JPG,2.79,10,REJECT-CANDIDATE,LOW,CONTEXT_FALLBACK,KKN,PENDIDIKAN,KKN_EDU_CONTEXT,NONE,UNIQUE,ARCHIVE,TECHNICAL_FALLBACK. No visual inspection performed.
076,IMG_7958.JPG,KKN RA AL KAUTSAR/IMG_7958.JPG,62.69,55,B-CANDIDATE,LOW,CONTEXT_FALLBACK,KKN,PENDIDIKAN,KKN_EDU_CONTEXT,NONE,UNIQUE,CANDIDATE,TECHNICAL_FALLBACK. No visual inspection performed.
077,IMG_7959.JPG,KKN RA AL KAUTSAR/IMG_7959.JPG,99.05,92,S-CANDIDATE,LOW,CONTEXT_FALLBACK,KKN,PENDIDIKAN,KKN_EDU_CONTEXT,NONE,UNIQUE,CANDIDATE,TECHNICAL_FALLBACK. No visual inspection performed.
078,IMG_7960.JPG,KKN RA AL KAUTSAR/IMG_7960.JPG,48.42,42,C-CANDIDATE,LOW,CONTEXT_FALLBACK,KKN,PENDIDIKAN,KKN_EDU_CONTEXT,NONE,UNIQUE,CANDIDATE,TECHNICAL_FALLBACK. No visual inspection performed.
079,IMG_7961.JPG,KKN RA AL KAUTSAR/IMG_7961.JPG,45.99,39,C-CANDIDATE,LOW,CONTEXT_FALLBACK,KKN,PENDIDIKAN,KKN_EDU_CONTEXT,NONE,UNIQUE,CANDIDATE,TECHNICAL_FALLBACK. No visual inspection performed.
080,IMG_7962.JPG,KKN RA AL KAUTSAR/IMG_7962.JPG,-13.18,0,REJECT-CANDIDATE,LOW,CONTEXT_FALLBACK,KKN,PENDIDIKAN,KKN_EDU_CONTEXT,NONE,UNIQUE,ARCHIVE,TECHNICAL_FALLBACK. No visual inspection performed.
081,IMG_7963.JPG,KKN RA AL KAUTSAR/IMG_7963.JPG,45.77,39,C-CANDIDATE,LOW,CONTEXT_FALLBACK,KKN,PENDIDIKAN,KKN_EDU_CONTEXT,NONE,UNIQUE,CANDIDATE,TECHNICAL_FALLBACK. No visual inspection performed.
082,IMG_7964.JPG,KKN RA AL KAUTSAR/IMG_7964.JPG,71.19,64,B-CANDIDATE,LOW,CONTEXT_FALLBACK,KKN,PENDIDIKAN,KKN_EDU_CONTEXT,NONE,UNIQUE,CANDIDATE,TECHNICAL_FALLBACK. No visual inspection performed.
083,IMG_7965.JPG,KKN RA AL KAUTSAR/IMG_7965.JPG,101.87,94,S-CANDIDATE,LOW,CONTEXT_FALLBACK,KKN,PENDIDIKAN,KKN_EDU_CONTEXT,NONE,UNIQUE,CANDIDATE,TECHNICAL_FALLBACK. No visual inspection performed.
084,IMG_7966.JPG,KKN RA AL KAUTSAR/IMG_7966.JPG,41.01,34,C-CANDIDATE,LOW,CONTEXT_FALLBACK,KKN,PENDIDIKAN,KKN_EDU_CONTEXT,NONE,UNIQUE,CANDIDATE,TECHNICAL_FALLBACK. No visual inspection performed.
085,IMG_7967.JPG,KKN RA AL KAUTSAR/IMG_7967.JPG,81.09,75,A-CANDIDATE,LOW,CONTEXT_FALLBACK,KKN,PENDIDIKAN,KKN_EDU_CONTEXT,NONE,UNIQUE,CANDIDATE,TECHNICAL_FALLBACK. No visual inspection performed.
086,IMG_7968.JPG,KKN RA AL KAUTSAR/IMG_7968.JPG,44.83,38,C-CANDIDATE,LOW,CONTEXT_FALLBACK,KKN,PENDIDIKAN,KKN_EDU_CONTEXT,NONE,UNIQUE,CANDIDATE,TECHNICAL_FALLBACK. No visual inspection performed.
087,IMG_7969.JPG,KKN RA AL KAUTSAR/IMG_7969.JPG,2.79,10,REJECT-CANDIDATE,LOW,CONTEXT_FALLBACK,KKN,PENDIDIKAN,KKN_EDU_CONTEXT,NONE,UNIQUE,ARCHIVE,TECHNICAL_FALLBACK. No visual inspection performed.
088,IMG_7970.JPG,KKN RA AL KAUTSAR/IMG_7970.JPG,28.03,22,REJECT-CANDIDATE,LOW,CONTEXT_FALLBACK,KKN,PENDIDIKAN,KKN_EDU_CONTEXT,NONE,UNIQUE,ARCHIVE,TECHNICAL_FALLBACK. No visual inspection performed.
089,IMG_7971.JPG,KKN RA AL KAUTSAR/IMG_7971.JPG,12.58,17,REJECT-CANDIDATE,LOW,CONTEXT_FALLBACK,KKN,PENDIDIKAN,KKN_EDU_CONTEXT,NONE,UNIQUE,ARCHIVE,TECHNICAL_FALLBACK. No visual inspection performed.
090,IMG_7972.JPG,KKN RA AL KAUTSAR/IMG_7972.JPG,1.63,9,REJECT-CANDIDATE,LOW,CONTEXT_FALLBACK,KKN,PENDIDIKAN,KKN_EDU_CONTEXT,NONE,UNIQUE,ARCHIVE,TECHNICAL_FALLBACK. No visual inspection performed.
091,IMG_7973.JPG,KKN RA AL KAUTSAR/IMG_7973.JPG,105.02,96,S-CANDIDATE,LOW,CONTEXT_FALLBACK,KKN,PENDIDIKAN,KKN_EDU_CONTEXT,NONE,UNIQUE,CANDIDATE,TECHNICAL_FALLBACK. No visual inspection performed.
092,IMG_7974.JPG,KKN RA AL KAUTSAR/IMG_7974.JPG,86.24,79,A-CANDIDATE,LOW,CONTEXT_FALLBACK,KKN,PENDIDIKAN,KKN_EDU_CONTEXT,NONE,UNIQUE,CANDIDATE,TECHNICAL_FALLBACK. No visual inspection performed.
093,IMG_7975.JPG,KKN RA AL KAUTSAR/IMG_7975.JPG,107.51,98,S-CANDIDATE,LOW,CONTEXT_FALLBACK,KKN,PENDIDIKAN,KKN_EDU_CONTEXT,NONE,UNIQUE,CANDIDATE,TECHNICAL_FALLBACK. No visual inspection performed.
094,IMG_7976.JPG,KKN RA AL KAUTSAR/IMG_7976.JPG,33.5,26,C-CANDIDATE,LOW,CONTEXT_FALLBACK,KKN,PENDIDIKAN,KKN_EDU_CONTEXT,NONE,UNIQUE,CANDIDATE,TECHNICAL_FALLBACK. No visual inspection performed.
095,IMG_7977.JPG,KKN RA AL KAUTSAR/IMG_7977.JPG,22.72,20,REJECT-CANDIDATE,LOW,CONTEXT_FALLBACK,KKN,PENDIDIKAN,KKN_EDU_CONTEXT,NONE,UNIQUE,ARCHIVE,TECHNICAL_FALLBACK. No visual inspection performed.
096,IMG_7978.JPG,KKN RA AL KAUTSAR/IMG_7978.JPG,11.75,17,REJECT-CANDIDATE,LOW,CONTEXT_FALLBACK,KKN,PENDIDIKAN,KKN_EDU_CONTEXT,NONE,UNIQUE,ARCHIVE,TECHNICAL_FALLBACK. No visual inspection performed.
097,IMG_7979.JPG,KKN RA AL KAUTSAR/IMG_7979.JPG,-2.18,5,REJECT-CANDIDATE,LOW,CONTEXT_FALLBACK,KKN,PENDIDIKAN,KKN_EDU_CONTEXT,NONE,UNIQUE,ARCHIVE,TECHNICAL_FALLBACK. No visual inspection performed.
098,IMG_7980.JPG,KKN RA AL KAUTSAR/IMG_7980.JPG,54.73,48,C-CANDIDATE,LOW,CONTEXT_FALLBACK,KKN,PENDIDIKAN,KKN_EDU_CONTEXT,NONE,UNIQUE,CANDIDATE,TECHNICAL_FALLBACK. No visual inspection performed.
099,IMG_7981.JPG,KKN RA AL KAUTSAR/IMG_7981.JPG,25.37,21,REJECT-CANDIDATE,LOW,CONTEXT_FALLBACK,KKN,PENDIDIKAN,KKN_EDU_CONTEXT,NONE,UNIQUE,ARCHIVE,TECHNICAL_FALLBACK. No visual inspection performed.
100,IMG_7982.JPG,KKN RA AL KAUTSAR/IMG_7982.JPG,87.45,80,A-CANDIDATE,LOW,CONTEXT_FALLBACK,KKN,PENDIDIKAN,KKN_EDU_CONTEXT,NONE,UNIQUE,CANDIDATE,TECHNICAL_FALLBACK. No visual inspection performed.
101,IMG_7983.JPG,KKN RA AL KAUTSAR/IMG_7983.JPG,-12.51,1,REJECT-CANDIDATE,LOW,CONTEXT_FALLBACK,KKN,PENDIDIKAN,KKN_EDU_CONTEXT,NONE,UNIQUE,ARCHIVE,TECHNICAL_FALLBACK. No visual inspection performed.
102,IMG_7984.JPG,KKN RA AL KAUTSAR/IMG_7984.JPG,90.22,83,S-CANDIDATE,LOW,CONTEXT_FALLBACK,KKN,PENDIDIKAN,KKN_EDU_CONTEXT,NONE,UNIQUE,CANDIDATE,TECHNICAL_FALLBACK. No visual inspection performed.
103,IMG_7985.JPG,KKN RA AL KAUTSAR/IMG_7985.JPG,74.51,68,B-CANDIDATE,LOW,CONTEXT_FALLBACK,KKN,PENDIDIKAN,KKN_EDU_CONTEXT,NONE,UNIQUE,CANDIDATE,TECHNICAL_FALLBACK. No visual inspection performed.
104,IMG_7987.JPG,KKN RA AL KAUTSAR/IMG_7987.JPG,70.03,63,B-CANDIDATE,LOW,CONTEXT_FALLBACK,KKN,PENDIDIKAN,KKN_EDU_CONTEXT,NONE,UNIQUE,CANDIDATE,TECHNICAL_FALLBACK. No visual inspection performed.
105,IMG_7988.JPG,KKN RA AL KAUTSAR/IMG_7988.JPG,82.59,77,A-CANDIDATE,LOW,CONTEXT_FALLBACK,KKN,PENDIDIKAN,KKN_EDU_CONTEXT,NONE,UNIQUE,CANDIDATE,TECHNICAL_FALLBACK. No visual inspection performed.
106,IMG_7989.JPG,KKN RA AL KAUTSAR/IMG_7989.JPG,58.21,52,B-CANDIDATE,LOW,CONTEXT_FALLBACK,KKN,PENDIDIKAN,KKN_EDU_CONTEXT,NONE,UNIQUE,CANDIDATE,TECHNICAL_FALLBACK. No visual inspection performed.
107,IMG_7990.JPG,KKN RA AL KAUTSAR/IMG_7990.JPG,94.08,87,S-CANDIDATE,LOW,CONTEXT_FALLBACK,KKN,PENDIDIKAN,KKN_EDU_CONTEXT,NONE,UNIQUE,CANDIDATE,TECHNICAL_FALLBACK. No visual inspection performed.
108,IMG_7991.JPG,KKN RA AL KAUTSAR/IMG_7991.JPG,0.97,9,REJECT-CANDIDATE,LOW,CONTEXT_FALLBACK,KKN,PENDIDIKAN,KKN_EDU_CONTEXT,NONE,UNIQUE,ARCHIVE,TECHNICAL_FALLBACK. No visual inspection performed.
109,IMG_7992.JPG,KKN RA AL KAUTSAR/IMG_7992.JPG,-8.86,2,REJECT-CANDIDATE,LOW,CONTEXT_FALLBACK,KKN,PENDIDIKAN,KKN_EDU_CONTEXT,NONE,UNIQUE,ARCHIVE,TECHNICAL_FALLBACK. No visual inspection performed.
110,IMG_7993.JPG,KKN RA AL KAUTSAR/IMG_7993.JPG,33.22,25,C-CANDIDATE,LOW,CONTEXT_FALLBACK,KKN,PENDIDIKAN,KKN_EDU_CONTEXT,NONE,UNIQUE,CANDIDATE,TECHNICAL_FALLBACK. No visual inspection performed.
111,IMG_7994.JPG,KKN RA AL KAUTSAR/IMG_7994.JPG,98.06,91,S-CANDIDATE,LOW,CONTEXT_FALLBACK,KKN,PENDIDIKAN,KKN_EDU_CONTEXT,NONE,UNIQUE,CANDIDATE,TECHNICAL_FALLBACK. No visual inspection performed.
112,IMG_7995.JPG,KKN RA AL KAUTSAR/IMG_7995.JPG,79.6,74,A-CANDIDATE,LOW,CONTEXT_FALLBACK,KKN,PENDIDIKAN,KKN_EDU_CONTEXT,NONE,UNIQUE,CANDIDATE,TECHNICAL_FALLBACK. No visual inspection performed.
113,IMG_7996.JPG,KKN RA AL KAUTSAR/IMG_7996.JPG,-2.51,5,REJECT-CANDIDATE,LOW,CONTEXT_FALLBACK,KKN,PENDIDIKAN,KKN_EDU_CONTEXT,DG-001,MASTER_CANDIDATE,ARCHIVE,TECHNICAL_FALLBACK. No visual inspection performed.
114,IMG_7997.JPG,KKN RA AL KAUTSAR/IMG_7997.JPG,57.1,50,B-CANDIDATE,LOW,CONTEXT_FALLBACK,KKN,PENDIDIKAN,KKN_EDU_CONTEXT,NONE,UNIQUE,CANDIDATE,TECHNICAL_FALLBACK. No visual inspection performed.
115,IMG_7998.JPG,KKN RA AL KAUTSAR/IMG_7998.JPG,68.82,61,B-CANDIDATE,LOW,CONTEXT_FALLBACK,KKN,PENDIDIKAN,KKN_EDU_CONTEXT,DG-001,SIMILAR_CANDIDATE,CANDIDATE,TECHNICAL_FALLBACK. No visual inspection performed.
116,IMG_7999.JPG,KKN RA AL KAUTSAR/IMG_7999.JPG,77.45,72,A-CANDIDATE,LOW,CONTEXT_FALLBACK,KKN,PENDIDIKAN,KKN_EDU_CONTEXT,DG-002,SIMILAR_CANDIDATE,CANDIDATE,TECHNICAL_FALLBACK. No visual inspection performed.
117,IMG_8000.JPG,KKN RA AL KAUTSAR/IMG_8000.JPG,65.56,58,B-CANDIDATE,LOW,CONTEXT_FALLBACK,KKN,PENDIDIKAN,KKN_EDU_CONTEXT,NONE,UNIQUE,CANDIDATE,TECHNICAL_FALLBACK. No visual inspection performed.
118,IMG_8001.JPG,KKN RA AL KAUTSAR/IMG_8001.JPG,61.41,54,B-CANDIDATE,LOW,CONTEXT_FALLBACK,KKN,PENDIDIKAN,KKN_EDU_CONTEXT,DG-002,MASTER_CANDIDATE,CANDIDATE,TECHNICAL_FALLBACK. No visual inspection performed.
119,IMG_8002.JPG,KKN RA AL KAUTSAR/IMG_8002.JPG,104.03,96,S-CANDIDATE,LOW,CONTEXT_FALLBACK,KKN,PENDIDIKAN,KKN_EDU_CONTEXT,DG-003,MASTER_CANDIDATE,CANDIDATE,TECHNICAL_FALLBACK. No visual inspection performed.
120,IMG_8003.JPG,KKN RA AL KAUTSAR/IMG_8003.JPG,70.81,64,B-CANDIDATE,LOW,CONTEXT_FALLBACK,KKN,PENDIDIKAN,KKN_EDU_CONTEXT,DG-003,SIMILAR_CANDIDATE,CANDIDATE,TECHNICAL_FALLBACK. No visual inspection performed.
121,IMG_8004.JPG,KKN RA AL KAUTSAR/IMG_8004.JPG,-11.35,1,REJECT-CANDIDATE,LOW,CONTEXT_FALLBACK,KKN,PENDIDIKAN,KKN_EDU_CONTEXT,NONE,UNIQUE,ARCHIVE,TECHNICAL_FALLBACK. No visual inspection performed.
122,IMG_8005.JPG,KKN RA AL KAUTSAR/IMG_8005.JPG,-5.71,2,REJECT-CANDIDATE,LOW,CONTEXT_FALLBACK,KKN,PENDIDIKAN,KKN_EDU_CONTEXT,DG-003,SIMILAR_CANDIDATE,ARCHIVE,TECHNICAL_FALLBACK. No visual inspection performed.
123,IMG_8007.JPG,KKN RA AL KAUTSAR/IMG_8007.JPG,74.34,68,B-CANDIDATE,LOW,CONTEXT_FALLBACK,KKN,PENDIDIKAN,KKN_EDU_CONTEXT,NONE,UNIQUE,CANDIDATE,TECHNICAL_FALLBACK. No visual inspection performed.
124,IMG_8008.JPG,KKN RA AL KAUTSAR/IMG_8008.JPG,29.73,22,REJECT-CANDIDATE,LOW,CONTEXT_FALLBACK,KKN,PENDIDIKAN,KKN_EDU_CONTEXT,NONE,UNIQUE,ARCHIVE,TECHNICAL_FALLBACK. No visual inspection performed.
125,IMG_8009.JPG,KKN RA AL KAUTSAR/IMG_8009.JPG,46.93,40,C-CANDIDATE,LOW,CONTEXT_FALLBACK,KKN,PENDIDIKAN,KKN_EDU_CONTEXT,NONE,UNIQUE,CANDIDATE,TECHNICAL_FALLBACK. No visual inspection performed.
126,IMG_8010.JPG,KKN RA AL KAUTSAR/IMG_8010.JPG,56.6,50,B-CANDIDATE,LOW,CONTEXT_FALLBACK,KKN,PENDIDIKAN,KKN_EDU_CONTEXT,NONE,UNIQUE,CANDIDATE,TECHNICAL_FALLBACK. No visual inspection performed.
127,IMG_8011.JPG,KKN RA AL KAUTSAR/IMG_8011.JPG,51.24,45,C-CANDIDATE,LOW,CONTEXT_FALLBACK,KKN,PENDIDIKAN,KKN_EDU_CONTEXT,NONE,UNIQUE,CANDIDATE,TECHNICAL_FALLBACK. No visual inspection performed.
128,IMG_8012.JPG,KKN RA AL KAUTSAR/IMG_8012.JPG,48.97,43,C-CANDIDATE,LOW,CONTEXT_FALLBACK,KKN,PENDIDIKAN,KKN_EDU_CONTEXT,DG-004,MASTER_CANDIDATE,CANDIDATE,TECHNICAL_FALLBACK. No visual inspection performed.
129,IMG_8013.JPG,KKN RA AL KAUTSAR/IMG_8013.JPG,0.31,7,REJECT-CANDIDATE,LOW,CONTEXT_FALLBACK,KKN,PENDIDIKAN,KKN_EDU_CONTEXT,DG-004,SIMILAR_CANDIDATE,ARCHIVE,TECHNICAL_FALLBACK. No visual inspection performed.
130,IMG_8014.JPG,KKN RA AL KAUTSAR/IMG_8014.JPG,69.54,62,B-CANDIDATE,LOW,CONTEXT_FALLBACK,KKN,PENDIDIKAN,KKN_EDU_CONTEXT,NONE,UNIQUE,CANDIDATE,TECHNICAL_FALLBACK. No visual inspection performed.
131,IMG_8015.JPG,KKN RA AL KAUTSAR/IMG_8015.JPG,67.05,59,B-CANDIDATE,LOW,CONTEXT_FALLBACK,KKN,PENDIDIKAN,KKN_EDU_CONTEXT,NONE,UNIQUE,CANDIDATE,TECHNICAL_FALLBACK. No visual inspection performed.
132,IMG_8016.JPG,KKN RA AL KAUTSAR/IMG_8016.JPG,69.2,62,B-CANDIDATE,LOW,CONTEXT_FALLBACK,KKN,PENDIDIKAN,KKN_EDU_CONTEXT,NONE,UNIQUE,CANDIDATE,TECHNICAL_FALLBACK. No visual inspection performed.
133,IMG_8017.JPG,KKN RA AL KAUTSAR/IMG_8017.JPG,53.28,47,C-CANDIDATE,LOW,CONTEXT_FALLBACK,KKN,PENDIDIKAN,KKN_EDU_CONTEXT,NONE,UNIQUE,CANDIDATE,TECHNICAL_FALLBACK. No visual inspection performed.
134,IMG_8018.JPG,KKN RA AL KAUTSAR/IMG_8018.JPG,103.86,96,S-CANDIDATE,LOW,CONTEXT_FALLBACK,KKN,PENDIDIKAN,KKN_EDU_CONTEXT,DG-005,MASTER_CANDIDATE,CANDIDATE,TECHNICAL_FALLBACK. No visual inspection performed.
135,IMG_8019.JPG,KKN RA AL KAUTSAR/IMG_8019.JPG,63.9,56,B-CANDIDATE,LOW,CONTEXT_FALLBACK,KKN,PENDIDIKAN,KKN_EDU_CONTEXT,DG-005,SIMILAR_CANDIDATE,CANDIDATE,TECHNICAL_FALLBACK. No visual inspection performed.
136,IMG_8020.JPG,KKN RA AL KAUTSAR/IMG_8020.JPG,70.48,63,B-CANDIDATE,LOW,CONTEXT_FALLBACK,KKN,PENDIDIKAN,KKN_EDU_CONTEXT,NONE,UNIQUE,CANDIDATE,TECHNICAL_FALLBACK. No visual inspection performed.
137,IMG_8021.JPG,KKN RA AL KAUTSAR/IMG_8021.JPG,1.3,9,REJECT-CANDIDATE,LOW,CONTEXT_FALLBACK,KKN,PENDIDIKAN,KKN_EDU_CONTEXT,NONE,UNIQUE,ARCHIVE,TECHNICAL_FALLBACK. No visual inspection performed.
138,IMG_8022.JPG,KKN RA AL KAUTSAR/IMG_8022.JPG,39.8,33,C-CANDIDATE,LOW,CONTEXT_FALLBACK,KKN,PENDIDIKAN,KKN_EDU_CONTEXT,NONE,UNIQUE,CANDIDATE,TECHNICAL_FALLBACK. No visual inspection performed.
139,IMG_8023.JPG,KKN RA AL KAUTSAR/IMG_8023.JPG,104.53,96,S-CANDIDATE,LOW,CONTEXT_FALLBACK,KKN,PENDIDIKAN,KKN_EDU_CONTEXT,NONE,UNIQUE,CANDIDATE,TECHNICAL_FALLBACK. No visual inspection performed.
140,IMG_8024.JPG,KKN RA AL KAUTSAR/IMG_8024.JPG,109.0,99,S-CANDIDATE,LOW,CONTEXT_FALLBACK,KKN,PENDIDIKAN,KKN_EDU_CONTEXT,NONE,UNIQUE,CANDIDATE,TECHNICAL_FALLBACK. No visual inspection performed.
141,IMG_8025.JPG,KKN RA AL KAUTSAR/IMG_8025.JPG,-4.0,3,REJECT-CANDIDATE,LOW,CONTEXT_FALLBACK,KKN,PENDIDIKAN,KKN_EDU_CONTEXT,NONE,UNIQUE,ARCHIVE,TECHNICAL_FALLBACK. No visual inspection performed.
142,IMG_8026.JPG,KKN RA AL KAUTSAR/IMG_8026.JPG,6.61,13,REJECT-CANDIDATE,LOW,CONTEXT_FALLBACK,KKN,PENDIDIKAN,KKN_EDU_CONTEXT,NONE,UNIQUE,ARCHIVE,TECHNICAL_FALLBACK. No visual inspection performed.
143,IMG_8027.JPG,KKN RA AL KAUTSAR/IMG_8027.JPG,53.78,47,C-CANDIDATE,LOW,CONTEXT_FALLBACK,KKN,PENDIDIKAN,KKN_EDU_CONTEXT,NONE,UNIQUE,CANDIDATE,TECHNICAL_FALLBACK. No visual inspection performed.
144,IMG_8028.JPG,KKN RA AL KAUTSAR/IMG_8028.JPG,42.17,36,C-CANDIDATE,LOW,CONTEXT_FALLBACK,KKN,PENDIDIKAN,KKN_EDU_CONTEXT,NONE,UNIQUE,CANDIDATE,TECHNICAL_FALLBACK. No visual inspection performed.
145,IMG_8029.JPG,KKN RA AL KAUTSAR/IMG_8029.JPG,0.42,8,REJECT-CANDIDATE,LOW,CONTEXT_FALLBACK,KKN,PENDIDIKAN,KKN_EDU_CONTEXT,NONE,UNIQUE,ARCHIVE,TECHNICAL_FALLBACK. No visual inspection performed.
146,IMG_8030.JPG,KKN RA AL KAUTSAR/IMG_8030.JPG,8.1,14,REJECT-CANDIDATE,LOW,CONTEXT_FALLBACK,KKN,PENDIDIKAN,KKN_EDU_CONTEXT,NONE,UNIQUE,ARCHIVE,TECHNICAL_FALLBACK. No visual inspection performed.
147,IMG_8031.JPG,KKN RA AL KAUTSAR/IMG_8031.JPG,37.15,30,C-CANDIDATE,LOW,CONTEXT_FALLBACK,KKN,PENDIDIKAN,KKN_EDU_CONTEXT,NONE,UNIQUE,CANDIDATE,TECHNICAL_FALLBACK. No visual inspection performed.
148,IMG_8032.JPG,KKN RA AL KAUTSAR/IMG_8032.JPG,42.67,36,C-CANDIDATE,LOW,CONTEXT_FALLBACK,KKN,PENDIDIKAN,KKN_EDU_CONTEXT,NONE,UNIQUE,CANDIDATE,TECHNICAL_FALLBACK. No visual inspection performed.
149,IMG_8033.JPG,KKN RA AL KAUTSAR/IMG_8033.JPG,41.13,34,C-CANDIDATE,LOW,CONTEXT_FALLBACK,KKN,PENDIDIKAN,KKN_EDU_CONTEXT,NONE,UNIQUE,CANDIDATE,TECHNICAL_FALLBACK. No visual inspection performed.
150,IMG_8034.JPG,KKN RA AL KAUTSAR/IMG_8034.JPG,89.93,83,A-CANDIDATE,LOW,CONTEXT_FALLBACK,KKN,PENDIDIKAN,KKN_EDU_CONTEXT,NONE,UNIQUE,CANDIDATE,TECHNICAL_FALLBACK. No visual inspection performed.
151,IMG_8035.JPG,KKN RA AL KAUTSAR/IMG_8035.JPG,42.12,35,C-CANDIDATE,LOW,CONTEXT_FALLBACK,KKN,PENDIDIKAN,KKN_EDU_CONTEXT,DG-006,MASTER_CANDIDATE,CANDIDATE,TECHNICAL_FALLBACK. No visual inspection performed.
152,IMG_8036.JPG,KKN RA AL KAUTSAR/IMG_8036.JPG,27.03,21,REJECT-CANDIDATE,LOW,CONTEXT_FALLBACK,KKN,PENDIDIKAN,KKN_EDU_CONTEXT,DG-006,SIMILAR_CANDIDATE,ARCHIVE,TECHNICAL_FALLBACK. No visual inspection performed.
153,IMG_8037.JPG,KKN RA AL KAUTSAR/IMG_8037.JPG,52.79,46,C-CANDIDATE,LOW,CONTEXT_FALLBACK,KKN,PENDIDIKAN,KKN_EDU_CONTEXT,NONE,UNIQUE,CANDIDATE,TECHNICAL_FALLBACK. No visual inspection performed.
154,IMG_8038.JPG,KKN RA AL KAUTSAR/IMG_8038.JPG,49.47,43,C-CANDIDATE,LOW,CONTEXT_FALLBACK,KKN,PENDIDIKAN,KKN_EDU_CONTEXT,NONE,UNIQUE,CANDIDATE,TECHNICAL_FALLBACK. No visual inspection performed.
155,IMG_8039.JPG,KKN RA AL KAUTSAR/IMG_8039.JPG,-3.18,4,REJECT-CANDIDATE,LOW,CONTEXT_FALLBACK,KKN,PENDIDIKAN,KKN_EDU_CONTEXT,NONE,UNIQUE,ARCHIVE,TECHNICAL_FALLBACK. No visual inspection performed.
156,IMG_8040.JPG,KKN RA AL KAUTSAR/IMG_8040.JPG,33.22,26,C-CANDIDATE,LOW,CONTEXT_FALLBACK,KKN,PENDIDIKAN,KKN_EDU_CONTEXT,NONE,UNIQUE,CANDIDATE,TECHNICAL_FALLBACK. No visual inspection performed.
157,IMG_8041.JPG,KKN RA AL KAUTSAR/IMG_8041.JPG,96.24,89,S-CANDIDATE,LOW,CONTEXT_FALLBACK,KKN,PENDIDIKAN,KKN_EDU_CONTEXT,NONE,UNIQUE,CANDIDATE,TECHNICAL_FALLBACK. No visual inspection performed.
158,IMG_8042.JPG,KKN RA AL KAUTSAR/IMG_8042.JPG,76.67,71,A-CANDIDATE,LOW,CONTEXT_FALLBACK,KKN,PENDIDIKAN,KKN_EDU_CONTEXT,NONE,UNIQUE,CANDIDATE,TECHNICAL_FALLBACK. No visual inspection performed.
159,IMG_8043.JPG,KKN RA AL KAUTSAR/IMG_8043.JPG,93.37,86,S-CANDIDATE,LOW,CONTEXT_FALLBACK,KKN,PENDIDIKAN,KKN_EDU_CONTEXT,NONE,UNIQUE,CANDIDATE,TECHNICAL_FALLBACK. No visual inspection performed.
160,IMG_8044.JPG,KKN RA AL KAUTSAR/IMG_8044.JPG,107.35,98,S-CANDIDATE,LOW,CONTEXT_FALLBACK,KKN,PENDIDIKAN,KKN_EDU_CONTEXT,NONE,UNIQUE,CANDIDATE,TECHNICAL_FALLBACK. No visual inspection performed.
161,IMG_8045.JPG,KKN RA AL KAUTSAR/IMG_8045.JPG,53.78,47,C-CANDIDATE,LOW,CONTEXT_FALLBACK,KKN,PENDIDIKAN,KKN_EDU_CONTEXT,NONE,UNIQUE,CANDIDATE,TECHNICAL_FALLBACK. No visual inspection performed.
162,IMG_8046.JPG,KKN RA AL KAUTSAR/IMG_8046.JPG,8.43,15,REJECT-CANDIDATE,LOW,CONTEXT_FALLBACK,KKN,PENDIDIKAN,KKN_EDU_CONTEXT,NONE,UNIQUE,ARCHIVE,TECHNICAL_FALLBACK. No visual inspection performed.
163,IMG_8047.JPG,KKN RA AL KAUTSAR/IMG_8047.JPG,84.3,78,A-CANDIDATE,LOW,CONTEXT_FALLBACK,KKN,PENDIDIKAN,KKN_EDU_CONTEXT,NONE,UNIQUE,CANDIDATE,TECHNICAL_FALLBACK. No visual inspection performed.
164,IMG_8048.JPG,KKN RA AL KAUTSAR/IMG_8048.JPG,72.69,66,B-CANDIDATE,LOW,CONTEXT_FALLBACK,KKN,PENDIDIKAN,KKN_EDU_CONTEXT,NONE,UNIQUE,CANDIDATE,TECHNICAL_FALLBACK. No visual inspection performed.
165,IMG_8049.JPG,KKN RA AL KAUTSAR/IMG_8049.JPG,51.13,44,C-CANDIDATE,LOW,CONTEXT_FALLBACK,KKN,PENDIDIKAN,KKN_EDU_CONTEXT,NONE,UNIQUE,CANDIDATE,TECHNICAL_FALLBACK. No visual inspection performed.
166,IMG_8050.JPG,KKN RA AL KAUTSAR/IMG_8050.JPG,105.69,97,S-CANDIDATE,LOW,CONTEXT_FALLBACK,KKN,PENDIDIKAN,KKN_EDU_CONTEXT,NONE,UNIQUE,CANDIDATE,TECHNICAL_FALLBACK. No visual inspection performed.
167,IMG_8051.JPG,KKN RA AL KAUTSAR/IMG_8051.JPG,29.9,23,REJECT-CANDIDATE,LOW,CONTEXT_FALLBACK,KKN,PENDIDIKAN,KKN_EDU_CONTEXT,NONE,UNIQUE,ARCHIVE,TECHNICAL_FALLBACK. No visual inspection performed.
168,IMG_8052.JPG,KKN RA AL KAUTSAR/IMG_8052.JPG,57.55,51,B-CANDIDATE,LOW,CONTEXT_FALLBACK,KKN,PENDIDIKAN,KKN_EDU_CONTEXT,NONE,UNIQUE,CANDIDATE,TECHNICAL_FALLBACK. No visual inspection performed.
169,IMG_8053.JPG,KKN RA AL KAUTSAR/IMG_8053.JPG,60.2,53,B-CANDIDATE,LOW,CONTEXT_FALLBACK,KKN,PENDIDIKAN,KKN_EDU_CONTEXT,NONE,UNIQUE,CANDIDATE,TECHNICAL_FALLBACK. No visual inspection performed.
170,IMG_8054.JPG,KKN RA AL KAUTSAR/IMG_8054.JPG,35.37,28,C-CANDIDATE,LOW,CONTEXT_FALLBACK,KKN,PENDIDIKAN,KKN_EDU_CONTEXT,NONE,UNIQUE,CANDIDATE,TECHNICAL_FALLBACK. No visual inspection performed.
171,IMG_8055.JPG,KKN RA AL KAUTSAR/IMG_8055.JPG,-3.84,4,REJECT-CANDIDATE,LOW,CONTEXT_FALLBACK,KKN,PENDIDIKAN,KKN_EDU_CONTEXT,NONE,UNIQUE,ARCHIVE,TECHNICAL_FALLBACK. No visual inspection performed.
172,IMG_8056.JPG,KKN RA AL KAUTSAR/IMG_8056.JPG,31.01,23,C-CANDIDATE,LOW,CONTEXT_FALLBACK,KKN,PENDIDIKAN,KKN_EDU_CONTEXT,NONE,UNIQUE,CANDIDATE,TECHNICAL_FALLBACK. No visual inspection performed.
173,IMG_8263.JPG,KKN X TK TUNAS HARAPAN/TK TUNAS HARAPAN/IMG_8263.JPG,102.7,95,S-CANDIDATE,LOW,CONTEXT_FALLBACK,KKN,PENDIDIKAN,KKN_EDU_CONTEXT,NONE,UNIQUE,CANDIDATE,TECHNICAL_FALLBACK. No visual inspection performed.
174,IMG_8339.JPG,KKN X TK TUNAS HARAPAN/TK TUNAS HARAPAN/IMG_8339.JPG,80.15,74,A-CANDIDATE,LOW,CONTEXT_FALLBACK,KKN,PENDIDIKAN,KKN_EDU_CONTEXT,NONE,UNIQUE,CANDIDATE,TECHNICAL_FALLBACK. No visual inspection performed.
175,IMG_8354.JPG,KKN X TK TUNAS HARAPAN/TK TUNAS HARAPAN/IMG_8354.JPG,68.16,61,B-CANDIDATE,LOW,CONTEXT_FALLBACK,KKN,PENDIDIKAN,KKN_EDU_CONTEXT,NONE,UNIQUE,CANDIDATE,TECHNICAL_FALLBACK. No visual inspection performed.
176,IMG_8355.JPG,KKN X TK TUNAS HARAPAN/TK TUNAS HARAPAN/IMG_8355.JPG,37.65,30,C-CANDIDATE,LOW,CONTEXT_FALLBACK,KKN,PENDIDIKAN,KKN_EDU_CONTEXT,NONE,UNIQUE,CANDIDATE,TECHNICAL_FALLBACK. No visual inspection performed.
177,IMG_8356.JPG,KKN X TK TUNAS HARAPAN/TK TUNAS HARAPAN/IMG_8356.JPG,13.41,19,REJECT-CANDIDATE,LOW,CONTEXT_FALLBACK,KKN,PENDIDIKAN,KKN_EDU_CONTEXT,NONE,UNIQUE,ARCHIVE,TECHNICAL_FALLBACK. No visual inspection performed.
178,IMG_8591.JPG,KOLASE KERTAS WARNA SD 010/IMG_8591.JPG,77.83,72,A-CANDIDATE,LOW,CONTEXT_FALLBACK,PENDIDIKAN,GALLERY,CRAFT_EDU_CONTEXT,NONE,UNIQUE,CANDIDATE,TECHNICAL_FALLBACK. No visual inspection performed.
179,IMG_8592.JPG,KOLASE KERTAS WARNA SD 010/IMG_8592.JPG,11.42,17,REJECT-CANDIDATE,LOW,CONTEXT_FALLBACK,PENDIDIKAN,GALLERY,CRAFT_EDU_CONTEXT,NONE,UNIQUE,ARCHIVE,TECHNICAL_FALLBACK. No visual inspection performed.
180,IMG_8593.JPG,KOLASE KERTAS WARNA SD 010/IMG_8593.JPG,45.99,40,C-CANDIDATE,LOW,CONTEXT_FALLBACK,PENDIDIKAN,GALLERY,CRAFT_EDU_CONTEXT,NONE,UNIQUE,CANDIDATE,TECHNICAL_FALLBACK. No visual inspection performed.
181,IMG_8594.JPG,KOLASE KERTAS WARNA SD 010/IMG_8594.JPG,52.74,46,C-CANDIDATE,LOW,CONTEXT_FALLBACK,PENDIDIKAN,GALLERY,CRAFT_EDU_CONTEXT,NONE,UNIQUE,CANDIDATE,TECHNICAL_FALLBACK. No visual inspection performed.
182,IMG_8595.JPG,KOLASE KERTAS WARNA SD 010/IMG_8595.JPG,81.97,76,A-CANDIDATE,LOW,CONTEXT_FALLBACK,PENDIDIKAN,GALLERY,CRAFT_EDU_CONTEXT,NONE,UNIQUE,CANDIDATE,TECHNICAL_FALLBACK. No visual inspection performed.
183,IMG_8596.JPG,KOLASE KERTAS WARNA SD 010/IMG_8596.JPG,106.52,98,S-CANDIDATE,LOW,CONTEXT_FALLBACK,PENDIDIKAN,GALLERY,CRAFT_EDU_CONTEXT,NONE,UNIQUE,CANDIDATE,TECHNICAL_FALLBACK. No visual inspection performed.
184,IMG_8597.JPG,KOLASE KERTAS WARNA SD 010/IMG_8597.JPG,48.92,42,C-CANDIDATE,LOW,CONTEXT_FALLBACK,PENDIDIKAN,GALLERY,CRAFT_EDU_CONTEXT,NONE,UNIQUE,CANDIDATE,TECHNICAL_FALLBACK. No visual inspection performed.
185,IMG_8598.JPG,KOLASE KERTAS WARNA SD 010/IMG_8598.JPG,-4.72,2,REJECT-CANDIDATE,LOW,CONTEXT_FALLBACK,PENDIDIKAN,GALLERY,CRAFT_EDU_CONTEXT,NONE,UNIQUE,ARCHIVE,TECHNICAL_FALLBACK. No visual inspection performed.
186,IMG_8599.JPG,KOLASE KERTAS WARNA SD 010/IMG_8599.JPG,12.58,18,REJECT-CANDIDATE,LOW,CONTEXT_FALLBACK,PENDIDIKAN,GALLERY,CRAFT_EDU_CONTEXT,NONE,UNIQUE,ARCHIVE,TECHNICAL_FALLBACK. No visual inspection performed.
187,IMG_8600.JPG,KOLASE KERTAS WARNA SD 010/IMG_8600.JPG,90.6,84,S-CANDIDATE,LOW,CONTEXT_FALLBACK,PENDIDIKAN,GALLERY,CRAFT_EDU_CONTEXT,NONE,UNIQUE,CANDIDATE,TECHNICAL_FALLBACK. No visual inspection performed.
188,IMG_8603.JPG,KOLASE KERTAS WARNA SD 010/IMG_8603.JPG,70.7,64,B-CANDIDATE,LOW,CONTEXT_FALLBACK,PENDIDIKAN,GALLERY,CRAFT_EDU_CONTEXT,NONE,UNIQUE,CANDIDATE,TECHNICAL_FALLBACK. No visual inspection performed.
189,IMG_8604.JPG,KOLASE KERTAS WARNA SD 010/IMG_8604.JPG,60.08,53,B-CANDIDATE,LOW,CONTEXT_FALLBACK,PENDIDIKAN,GALLERY,CRAFT_EDU_CONTEXT,NONE,UNIQUE,CANDIDATE,TECHNICAL_FALLBACK. No visual inspection performed.
190,IMG_8605.JPG,KOLASE KERTAS WARNA SD 010/IMG_8605.JPG,75.46,69,A-CANDIDATE,LOW,CONTEXT_FALLBACK,PENDIDIKAN,GALLERY,CRAFT_EDU_CONTEXT,NONE,UNIQUE,CANDIDATE,TECHNICAL_FALLBACK. No visual inspection performed.
191,IMG_8606.JPG,KOLASE KERTAS WARNA SD 010/IMG_8606.JPG,40.18,33,C-CANDIDATE,LOW,CONTEXT_FALLBACK,PENDIDIKAN,GALLERY,CRAFT_EDU_CONTEXT,NONE,UNIQUE,CANDIDATE,TECHNICAL_FALLBACK. No visual inspection performed.
192,IMG_8607.JPG,KOLASE KERTAS WARNA SD 010/IMG_8607.JPG,70.36,63,B-CANDIDATE,LOW,CONTEXT_FALLBACK,PENDIDIKAN,GALLERY,CRAFT_EDU_CONTEXT,NONE,UNIQUE,CANDIDATE,TECHNICAL_FALLBACK. No visual inspection performed.
193,IMG_8608.JPG,KOLASE KERTAS WARNA SD 010/IMG_8608.JPG,55.77,49,B-CANDIDATE,LOW,CONTEXT_FALLBACK,PENDIDIKAN,GALLERY,CRAFT_EDU_CONTEXT,NONE,UNIQUE,CANDIDATE,TECHNICAL_FALLBACK. No visual inspection performed.
194,IMG_8610.JPG,KOLASE KERTAS WARNA SD 010/IMG_8610.JPG,63.9,57,B-CANDIDATE,LOW,CONTEXT_FALLBACK,PENDIDIKAN,GALLERY,CRAFT_EDU_CONTEXT,NONE,UNIQUE,CANDIDATE,TECHNICAL_FALLBACK. No visual inspection performed.
195,IMG_8611.JPG,KOLASE KERTAS WARNA SD 010/IMG_8611.JPG,35.87,29,C-CANDIDATE,LOW,CONTEXT_FALLBACK,PENDIDIKAN,GALLERY,CRAFT_EDU_CONTEXT,NONE,UNIQUE,CANDIDATE,TECHNICAL_FALLBACK. No visual inspection performed.
196,IMG_8616.JPG,KOLASE KERTAS WARNA SD 010/IMG_8616.JPG,52.07,45,C-CANDIDATE,LOW,CONTEXT_FALLBACK,PENDIDIKAN,GALLERY,CRAFT_EDU_CONTEXT,NONE,UNIQUE,CANDIDATE,TECHNICAL_FALLBACK. No visual inspection performed.
197,IMG_8617.JPG,KOLASE KERTAS WARNA SD 010/IMG_8617.JPG,94.41,87,S-CANDIDATE,LOW,CONTEXT_FALLBACK,PENDIDIKAN,GALLERY,CRAFT_EDU_CONTEXT,NONE,UNIQUE,CANDIDATE,TECHNICAL_FALLBACK. No visual inspection performed.
198,IMG_8618.JPG,KOLASE KERTAS WARNA SD 010/IMG_8618.JPG,32.01,24,C-CANDIDATE,LOW,CONTEXT_FALLBACK,PENDIDIKAN,GALLERY,CRAFT_EDU_CONTEXT,NONE,UNIQUE,CANDIDATE,TECHNICAL_FALLBACK. No visual inspection performed.
199,IMG_8619.JPG,KOLASE KERTAS WARNA SD 010/IMG_8619.JPG,70.15,63,B-CANDIDATE,LOW,CONTEXT_FALLBACK,PENDIDIKAN,GALLERY,CRAFT_EDU_CONTEXT,NONE,UNIQUE,CANDIDATE,TECHNICAL_FALLBACK. No visual inspection performed.
200,IMG_8620.JPG,KOLASE KERTAS WARNA SD 010/IMG_8620.JPG,72.8,67,B-CANDIDATE,LOW,CONTEXT_FALLBACK,PENDIDIKAN,GALLERY,CRAFT_EDU_CONTEXT,DG-007,SIMILAR_CANDIDATE,CANDIDATE,TECHNICAL_FALLBACK. No visual inspection performed.
201,IMG_8621.JPG,KOLASE KERTAS WARNA SD 010/IMG_8621.JPG,103.7,95,S-CANDIDATE,LOW,CONTEXT_FALLBACK,PENDIDIKAN,GALLERY,CRAFT_EDU_CONTEXT,DG-007,MASTER_CANDIDATE,CANDIDATE,TECHNICAL_FALLBACK. No visual inspection performed.
202,IMG_8622.JPG,KOLASE KERTAS WARNA SD 010/IMG_8622.JPG,31.84,24,C-CANDIDATE,LOW,CONTEXT_FALLBACK,PENDIDIKAN,GALLERY,CRAFT_EDU_CONTEXT,NONE,UNIQUE,CANDIDATE,TECHNICAL_FALLBACK. No visual inspection performed.
203,IMG_8623.JPG,KOLASE KERTAS WARNA SD 010/IMG_8623.JPG,68.82,61,B-CANDIDATE,LOW,CONTEXT_FALLBACK,PENDIDIKAN,GALLERY,CRAFT_EDU_CONTEXT,NONE,UNIQUE,CANDIDATE,TECHNICAL_FALLBACK. No visual inspection performed.
204,IMG_8624.JPG,KOLASE KERTAS WARNA SD 010/IMG_8624.JPG,6.28,13,REJECT-CANDIDATE,LOW,CONTEXT_FALLBACK,PENDIDIKAN,GALLERY,CRAFT_EDU_CONTEXT,NONE,UNIQUE,ARCHIVE,TECHNICAL_FALLBACK. No visual inspection performed.
205,IMG_8625.JPG,KOLASE KERTAS WARNA SD 010/IMG_8625.JPG,3.46,11,REJECT-CANDIDATE,LOW,CONTEXT_FALLBACK,PENDIDIKAN,GALLERY,CRAFT_EDU_CONTEXT,NONE,UNIQUE,ARCHIVE,TECHNICAL_FALLBACK. No visual inspection performed.
206,IMG_8626.JPG,KOLASE KERTAS WARNA SD 010/IMG_8626.JPG,55.11,48,B-CANDIDATE,LOW,CONTEXT_FALLBACK,PENDIDIKAN,GALLERY,CRAFT_EDU_CONTEXT,NONE,UNIQUE,CANDIDATE,TECHNICAL_FALLBACK. No visual inspection performed.
207,IMG_8627.JPG,KOLASE KERTAS WARNA SD 010/IMG_8627.JPG,-0.02,7,REJECT-CANDIDATE,LOW,CONTEXT_FALLBACK,PENDIDIKAN,GALLERY,CRAFT_EDU_CONTEXT,NONE,UNIQUE,ARCHIVE,TECHNICAL_FALLBACK. No visual inspection performed.
208,IMG_8628.JPG,KOLASE KERTAS WARNA SD 010/IMG_8628.JPG,-2.51,5,REJECT-CANDIDATE,LOW,CONTEXT_FALLBACK,PENDIDIKAN,GALLERY,CRAFT_EDU_CONTEXT,NONE,UNIQUE,ARCHIVE,TECHNICAL_FALLBACK. No visual inspection performed.
209,IMG_8629.JPG,KOLASE KERTAS WARNA SD 010/IMG_8629.JPG,92.09,85,S-CANDIDATE,LOW,CONTEXT_FALLBACK,PENDIDIKAN,GALLERY,CRAFT_EDU_CONTEXT,NONE,UNIQUE,CANDIDATE,TECHNICAL_FALLBACK. No visual inspection performed.
210,IMG_8631.JPG,KOLASE KERTAS WARNA SD 010/IMG_8631.JPG,78.11,72,A-CANDIDATE,LOW,CONTEXT_FALLBACK,PENDIDIKAN,GALLERY,CRAFT_EDU_CONTEXT,NONE,UNIQUE,CANDIDATE,TECHNICAL_FALLBACK. No visual inspection performed.
211,IMG_8632.JPG,KOLASE KERTAS WARNA SD 010/IMG_8632.JPG,35.37,28,C-CANDIDATE,LOW,CONTEXT_FALLBACK,PENDIDIKAN,GALLERY,CRAFT_EDU_CONTEXT,NONE,UNIQUE,CANDIDATE,TECHNICAL_FALLBACK. No visual inspection performed.
212,IMG_8633.JPG,KOLASE KERTAS WARNA SD 010/IMG_8633.JPG,92.42,85,S-CANDIDATE,LOW,CONTEXT_FALLBACK,PENDIDIKAN,GALLERY,CRAFT_EDU_CONTEXT,NONE,UNIQUE,CANDIDATE,TECHNICAL_FALLBACK. No visual inspection performed.
213,IMG_8634.JPG,KOLASE KERTAS WARNA SD 010/IMG_8634.JPG,35.37,28,C-CANDIDATE,LOW,CONTEXT_FALLBACK,PENDIDIKAN,GALLERY,CRAFT_EDU_CONTEXT,NONE,UNIQUE,CANDIDATE,TECHNICAL_FALLBACK. No visual inspection performed.
214,IMG_8635.JPG,KOLASE KERTAS WARNA SD 010/IMG_8635.JPG,84.96,78,A-CANDIDATE,LOW,CONTEXT_FALLBACK,PENDIDIKAN,GALLERY,CRAFT_EDU_CONTEXT,NONE,UNIQUE,CANDIDATE,TECHNICAL_FALLBACK. No visual inspection performed.
215,IMG_8636.JPG,KOLASE KERTAS WARNA SD 010/IMG_8636.JPG,1.97,9,REJECT-CANDIDATE,LOW,CONTEXT_FALLBACK,PENDIDIKAN,GALLERY,CRAFT_EDU_CONTEXT,NONE,UNIQUE,ARCHIVE,TECHNICAL_FALLBACK. No visual inspection performed.
216,IMG_8637.JPG,KOLASE KERTAS WARNA SD 010/IMG_8637.JPG,3.13,11,REJECT-CANDIDATE,LOW,CONTEXT_FALLBACK,PENDIDIKAN,GALLERY,CRAFT_EDU_CONTEXT,NONE,UNIQUE,ARCHIVE,TECHNICAL_FALLBACK. No visual inspection performed.
217,IMG_8638.JPG,KOLASE KERTAS WARNA SD 010/IMG_8638.JPG,9.1,15,REJECT-CANDIDATE,LOW,CONTEXT_FALLBACK,PENDIDIKAN,GALLERY,CRAFT_EDU_CONTEXT,NONE,UNIQUE,ARCHIVE,TECHNICAL_FALLBACK. No visual inspection performed.
218,IMG_8639.JPG,KOLASE KERTAS WARNA SD 010/IMG_8639.JPG,11.75,17,REJECT-CANDIDATE,LOW,CONTEXT_FALLBACK,PENDIDIKAN,GALLERY,CRAFT_EDU_CONTEXT,NONE,UNIQUE,ARCHIVE,TECHNICAL_FALLBACK. No visual inspection performed.
219,IMG_8640.JPG,KOLASE KERTAS WARNA SD 010/IMG_8640.JPG,60.41,53,B-CANDIDATE,LOW,CONTEXT_FALLBACK,PENDIDIKAN,GALLERY,CRAFT_EDU_CONTEXT,NONE,UNIQUE,CANDIDATE,TECHNICAL_FALLBACK. No visual inspection performed.
220,IMG_8641.JPG,KOLASE KERTAS WARNA SD 010/IMG_8641.JPG,101.21,93,S-CANDIDATE,LOW,CONTEXT_FALLBACK,PENDIDIKAN,GALLERY,CRAFT_EDU_CONTEXT,NONE,UNIQUE,CANDIDATE,TECHNICAL_FALLBACK. No visual inspection performed.
221,IMG_8642.JPG,KOLASE KERTAS WARNA SD 010/IMG_8642.JPG,-4.17,3,REJECT-CANDIDATE,LOW,CONTEXT_FALLBACK,PENDIDIKAN,GALLERY,CRAFT_EDU_CONTEXT,NONE,UNIQUE,ARCHIVE,TECHNICAL_FALLBACK. No visual inspection performed.
222,IMG_8645.JPG,KOLASE KERTAS WARNA SD 010/IMG_8645.JPG,39.68,32,C-CANDIDATE,LOW,CONTEXT_FALLBACK,PENDIDIKAN,GALLERY,CRAFT_EDU_CONTEXT,NONE,UNIQUE,CANDIDATE,TECHNICAL_FALLBACK. No visual inspection performed.
223,IMG_8646.JPG,KOLASE KERTAS WARNA SD 010/IMG_8646.JPG,65.06,57,B-CANDIDATE,LOW,CONTEXT_FALLBACK,PENDIDIKAN,GALLERY,CRAFT_EDU_CONTEXT,NONE,UNIQUE,CANDIDATE,TECHNICAL_FALLBACK. No visual inspection performed.
224,IMG_8647.JPG,KOLASE KERTAS WARNA SD 010/IMG_8647.JPG,1.63,9,REJECT-CANDIDATE,LOW,CONTEXT_FALLBACK,PENDIDIKAN,GALLERY,CRAFT_EDU_CONTEXT,NONE,UNIQUE,ARCHIVE,TECHNICAL_FALLBACK. No visual inspection performed.
225,IMG_8648.JPG,KOLASE KERTAS WARNA SD 010/IMG_8648.JPG,93.42,86,S-CANDIDATE,LOW,CONTEXT_FALLBACK,PENDIDIKAN,GALLERY,CRAFT_EDU_CONTEXT,NONE,UNIQUE,CANDIDATE,TECHNICAL_FALLBACK. No visual inspection performed.
226,IMG_8649.JPG,KOLASE KERTAS WARNA SD 010/IMG_8649.JPG,-2.18,5,REJECT-CANDIDATE,LOW,CONTEXT_FALLBACK,PENDIDIKAN,GALLERY,CRAFT_EDU_CONTEXT,NONE,UNIQUE,ARCHIVE,TECHNICAL_FALLBACK. No visual inspection performed.
227,IMG_8650.JPG,KOLASE KERTAS WARNA SD 010/IMG_8650.JPG,107.68,98,S-CANDIDATE,LOW,CONTEXT_FALLBACK,PENDIDIKAN,GALLERY,CRAFT_EDU_CONTEXT,NONE,UNIQUE,CANDIDATE,TECHNICAL_FALLBACK. No visual inspection performed.
228,IMG_8651.JPG,KOLASE KERTAS WARNA SD 010/IMG_8651.JPG,49.25,43,C-CANDIDATE,LOW,CONTEXT_FALLBACK,PENDIDIKAN,GALLERY,CRAFT_EDU_CONTEXT,NONE,UNIQUE,CANDIDATE,TECHNICAL_FALLBACK. No visual inspection performed.
229,IMG_8652.JPG,KOLASE KERTAS WARNA SD 010/IMG_8652.JPG,94.69,87,S-CANDIDATE,LOW,CONTEXT_FALLBACK,PENDIDIKAN,GALLERY,CRAFT_EDU_CONTEXT,NONE,UNIQUE,CANDIDATE,TECHNICAL_FALLBACK. No visual inspection performed.
230,IMG_8653.JPG,KOLASE KERTAS WARNA SD 010/IMG_8653.JPG,54.28,48,C-CANDIDATE,LOW,CONTEXT_FALLBACK,PENDIDIKAN,GALLERY,CRAFT_EDU_CONTEXT,NONE,UNIQUE,CANDIDATE,TECHNICAL_FALLBACK. No visual inspection performed.
231,IMG_8654.JPG,KOLASE KERTAS WARNA SD 010/IMG_8654.JPG,31.56,24,C-CANDIDATE,LOW,CONTEXT_FALLBACK,PENDIDIKAN,GALLERY,CRAFT_EDU_CONTEXT,NONE,UNIQUE,CANDIDATE,TECHNICAL_FALLBACK. No visual inspection performed.
232,IMG_8655.JPG,KOLASE KERTAS WARNA SD 010/IMG_8655.JPG,66.05,58,B-CANDIDATE,LOW,CONTEXT_FALLBACK,PENDIDIKAN,GALLERY,CRAFT_EDU_CONTEXT,NONE,UNIQUE,CANDIDATE,TECHNICAL_FALLBACK. No visual inspection performed.
233,IMG_8656.JPG,KOLASE KERTAS WARNA SD 010/IMG_8656.JPG,52.12,45,C-CANDIDATE,LOW,CONTEXT_FALLBACK,PENDIDIKAN,GALLERY,CRAFT_EDU_CONTEXT,NONE,UNIQUE,CANDIDATE,TECHNICAL_FALLBACK. No visual inspection performed.
234,IMG_8657.JPG,KOLASE KERTAS WARNA SD 010/IMG_8657.JPG,64.34,57,B-CANDIDATE,LOW,CONTEXT_FALLBACK,PENDIDIKAN,GALLERY,CRAFT_EDU_CONTEXT,NONE,UNIQUE,CANDIDATE,TECHNICAL_FALLBACK. No visual inspection performed.
235,IMG_8658.JPG,KOLASE KERTAS WARNA SD 010/IMG_8658.JPG,35.16,28,C-CANDIDATE,LOW,CONTEXT_FALLBACK,PENDIDIKAN,GALLERY,CRAFT_EDU_CONTEXT,NONE,UNIQUE,CANDIDATE,TECHNICAL_FALLBACK. No visual inspection performed.
236,IMG_8659.JPG,KOLASE KERTAS WARNA SD 010/IMG_8659.JPG,52.29,46,C-CANDIDATE,LOW,CONTEXT_FALLBACK,PENDIDIKAN,GALLERY,CRAFT_EDU_CONTEXT,NONE,UNIQUE,CANDIDATE,TECHNICAL_FALLBACK. No visual inspection performed.
237,IMG_8660.JPG,KOLASE KERTAS WARNA SD 010/IMG_8660.JPG,90.1,83,S-CANDIDATE,LOW,CONTEXT_FALLBACK,PENDIDIKAN,GALLERY,CRAFT_EDU_CONTEXT,NONE,UNIQUE,CANDIDATE,TECHNICAL_FALLBACK. No visual inspection performed.
238,IMG_8661.JPG,KOLASE KERTAS WARNA SD 010/IMG_8661.JPG,73.35,67,B-CANDIDATE,LOW,CONTEXT_FALLBACK,PENDIDIKAN,GALLERY,CRAFT_EDU_CONTEXT,NONE,UNIQUE,CANDIDATE,TECHNICAL_FALLBACK. No visual inspection performed.
239,IMG_8662.JPG,KOLASE KERTAS WARNA SD 010/IMG_8662.JPG,44.33,38,C-CANDIDATE,LOW,CONTEXT_FALLBACK,PENDIDIKAN,GALLERY,CRAFT_EDU_CONTEXT,NONE,UNIQUE,CANDIDATE,TECHNICAL_FALLBACK. No visual inspection performed.
240,IMG_8663.JPG,KOLASE KERTAS WARNA SD 010/IMG_8663.JPG,99.88,92,S-CANDIDATE,LOW,CONTEXT_FALLBACK,PENDIDIKAN,GALLERY,CRAFT_EDU_CONTEXT,NONE,UNIQUE,CANDIDATE,TECHNICAL_FALLBACK. No visual inspection performed.
241,IMG_8664.JPG,KOLASE KERTAS WARNA SD 010/IMG_8664.JPG,53.78,47,C-CANDIDATE,LOW,CONTEXT_FALLBACK,PENDIDIKAN,GALLERY,CRAFT_EDU_CONTEXT,NONE,UNIQUE,CANDIDATE,TECHNICAL_FALLBACK. No visual inspection performed.
242,IMG_8666.JPG,KOLASE KERTAS WARNA SD 010/IMG_8666.JPG,19.24,19,REJECT-CANDIDATE,LOW,CONTEXT_FALLBACK,PENDIDIKAN,GALLERY,CRAFT_EDU_CONTEXT,NONE,UNIQUE,ARCHIVE,TECHNICAL_FALLBACK. No visual inspection performed.
243,IMG_8667.JPG,KOLASE KERTAS WARNA SD 010/IMG_8667.JPG,103.7,95,S-CANDIDATE,LOW,CONTEXT_FALLBACK,PENDIDIKAN,GALLERY,CRAFT_EDU_CONTEXT,NONE,UNIQUE,CANDIDATE,TECHNICAL_FALLBACK. No visual inspection performed.
244,IMG_8669.JPG,KOLASE KERTAS WARNA SD 010/IMG_8669.JPG,94.91,88,S-CANDIDATE,LOW,CONTEXT_FALLBACK,PENDIDIKAN,GALLERY,CRAFT_EDU_CONTEXT,NONE,UNIQUE,CANDIDATE,TECHNICAL_FALLBACK. No visual inspection performed.
245,IMG_8670.JPG,KOLASE KERTAS WARNA SD 010/IMG_8670.JPG,3.96,11,REJECT-CANDIDATE,LOW,CONTEXT_FALLBACK,PENDIDIKAN,GALLERY,CRAFT_EDU_CONTEXT,NONE,UNIQUE,ARCHIVE,TECHNICAL_FALLBACK. No visual inspection performed.
246,IMG_8671.JPG,KOLASE KERTAS WARNA SD 010/IMG_8671.JPG,105.36,97,S-CANDIDATE,LOW,CONTEXT_FALLBACK,PENDIDIKAN,GALLERY,CRAFT_EDU_CONTEXT,NONE,UNIQUE,CANDIDATE,TECHNICAL_FALLBACK. No visual inspection performed.
247,IMG_8672.JPG,KOLASE KERTAS WARNA SD 010/IMG_8672.JPG,102.54,94,S-CANDIDATE,LOW,CONTEXT_FALLBACK,PENDIDIKAN,GALLERY,CRAFT_EDU_CONTEXT,NONE,UNIQUE,CANDIDATE,TECHNICAL_FALLBACK. No visual inspection performed.
248,IMG_8674.JPG,KOLASE KERTAS WARNA SD 010/IMG_8674.JPG,72.69,66,B-CANDIDATE,LOW,CONTEXT_FALLBACK,PENDIDIKAN,GALLERY,CRAFT_EDU_CONTEXT,NONE,UNIQUE,CANDIDATE,TECHNICAL_FALLBACK. No visual inspection performed.
249,IMG_8675.JPG,KOLASE KERTAS WARNA SD 010/IMG_8675.JPG,6.77,14,REJECT-CANDIDATE,LOW,CONTEXT_FALLBACK,PENDIDIKAN,GALLERY,CRAFT_EDU_CONTEXT,NONE,UNIQUE,ARCHIVE,TECHNICAL_FALLBACK. No visual inspection performed.
250,IMG_8676.JPG,KOLASE KERTAS WARNA SD 010/IMG_8676.JPG,108.67,99,S-CANDIDATE,LOW,CONTEXT_FALLBACK,PENDIDIKAN,GALLERY,CRAFT_EDU_CONTEXT,NONE,UNIQUE,CANDIDATE,TECHNICAL_FALLBACK. No visual inspection performed.
251,IMG_8678.JPG,KOLASE KERTAS WARNA SD 010/IMG_8678.JPG,19.4,19,REJECT-CANDIDATE,LOW,CONTEXT_FALLBACK,PENDIDIKAN,GALLERY,CRAFT_EDU_CONTEXT,NONE,UNIQUE,ARCHIVE,TECHNICAL_FALLBACK. No visual inspection performed.
252,IMG_8679.JPG,KOLASE KERTAS WARNA SD 010/IMG_8679.JPG,13.24,18,REJECT-CANDIDATE,LOW,CONTEXT_FALLBACK,PENDIDIKAN,GALLERY,CRAFT_EDU_CONTEXT,NONE,UNIQUE,ARCHIVE,TECHNICAL_FALLBACK. No visual inspection performed.
253,IMG_8680.JPG,KOLASE KERTAS WARNA SD 010/IMG_8680.JPG,35.7,29,C-CANDIDATE,LOW,CONTEXT_FALLBACK,PENDIDIKAN,GALLERY,CRAFT_EDU_CONTEXT,NONE,UNIQUE,CANDIDATE,TECHNICAL_FALLBACK. No visual inspection performed.
254,IMG_8681.JPG,KOLASE KERTAS WARNA SD 010/IMG_8681.JPG,85.74,79,A-CANDIDATE,LOW,CONTEXT_FALLBACK,PENDIDIKAN,GALLERY,CRAFT_EDU_CONTEXT,NONE,UNIQUE,CANDIDATE,TECHNICAL_FALLBACK. No visual inspection performed.
255,IMG_8682.JPG,KOLASE KERTAS WARNA SD 010/IMG_8682.JPG,101.87,94,S-CANDIDATE,LOW,CONTEXT_FALLBACK,PENDIDIKAN,GALLERY,CRAFT_EDU_CONTEXT,NONE,UNIQUE,CANDIDATE,TECHNICAL_FALLBACK. No visual inspection performed.
256,IMG_8683.JPG,KOLASE KERTAS WARNA SD 010/IMG_8683.JPG,27.2,21,REJECT-CANDIDATE,LOW,CONTEXT_FALLBACK,PENDIDIKAN,GALLERY,CRAFT_EDU_CONTEXT,NONE,UNIQUE,ARCHIVE,TECHNICAL_FALLBACK. No visual inspection performed.
257,IMG_8684.JPG,KOLASE KERTAS WARNA SD 010/IMG_8684.JPG,75.01,69,A-CANDIDATE,LOW,CONTEXT_FALLBACK,PENDIDIKAN,GALLERY,CRAFT_EDU_CONTEXT,NONE,UNIQUE,CANDIDATE,TECHNICAL_FALLBACK. No visual inspection performed.
258,IMG_8686.JPG,KOLASE KERTAS WARNA SD 010/IMG_8686.JPG,102.21,94,S-CANDIDATE,LOW,CONTEXT_FALLBACK,PENDIDIKAN,GALLERY,CRAFT_EDU_CONTEXT,NONE,UNIQUE,CANDIDATE,TECHNICAL_FALLBACK. No visual inspection performed.
259,IMG_8687.JPG,KOLASE KERTAS WARNA SD 010/IMG_8687.JPG,103.03,95,S-CANDIDATE,LOW,CONTEXT_FALLBACK,PENDIDIKAN,GALLERY,CRAFT_EDU_CONTEXT,NONE,UNIQUE,CANDIDATE,TECHNICAL_FALLBACK. No visual inspection performed.
260,IMG_8688.JPG,KOLASE KERTAS WARNA SD 010/IMG_8688.JPG,4.95,12,REJECT-CANDIDATE,LOW,CONTEXT_FALLBACK,PENDIDIKAN,GALLERY,CRAFT_EDU_CONTEXT,NONE,UNIQUE,ARCHIVE,TECHNICAL_FALLBACK. No visual inspection performed.
261,IMG_8689.JPG,KOLASE KERTAS WARNA SD 010/IMG_8689.JPG,76.78,71,A-CANDIDATE,LOW,CONTEXT_FALLBACK,PENDIDIKAN,GALLERY,CRAFT_EDU_CONTEXT,NONE,UNIQUE,CANDIDATE,TECHNICAL_FALLBACK. No visual inspection performed.
262,IMG_8691.JPG,KOLASE KERTAS WARNA SD 010/IMG_8691.JPG,93.08,85,S-CANDIDATE,LOW,CONTEXT_FALLBACK,PENDIDIKAN,GALLERY,CRAFT_EDU_CONTEXT,NONE,UNIQUE,CANDIDATE,TECHNICAL_FALLBACK. No visual inspection performed.
263,IMG_8692.JPG,KOLASE KERTAS WARNA SD 010/IMG_8692.JPG,71.86,65,B-CANDIDATE,LOW,CONTEXT_FALLBACK,PENDIDIKAN,GALLERY,CRAFT_EDU_CONTEXT,NONE,UNIQUE,CANDIDATE,TECHNICAL_FALLBACK. No visual inspection performed.
264,IMG_8694.JPG,KOLASE KERTAS WARNA SD 010/IMG_8694.JPG,55.77,49,B-CANDIDATE,LOW,CONTEXT_FALLBACK,PENDIDIKAN,GALLERY,CRAFT_EDU_CONTEXT,NONE,UNIQUE,CANDIDATE,TECHNICAL_FALLBACK. No visual inspection performed.
265,IMG_8695.JPG,KOLASE KERTAS WARNA SD 010/IMG_8695.JPG,12.74,18,REJECT-CANDIDATE,LOW,CONTEXT_FALLBACK,PENDIDIKAN,GALLERY,CRAFT_EDU_CONTEXT,NONE,UNIQUE,ARCHIVE,TECHNICAL_FALLBACK. No visual inspection performed.
266,IMG_8696.JPG,KOLASE KERTAS WARNA SD 010/IMG_8696.JPG,95.57,88,S-CANDIDATE,LOW,CONTEXT_FALLBACK,PENDIDIKAN,GALLERY,CRAFT_EDU_CONTEXT,NONE,UNIQUE,CANDIDATE,TECHNICAL_FALLBACK. No visual inspection performed.
267,IMG_8698.JPG,KOLASE KERTAS WARNA SD 010/IMG_8698.JPG,36.37,29,C-CANDIDATE,LOW,CONTEXT_FALLBACK,PENDIDIKAN,GALLERY,CRAFT_EDU_CONTEXT,NONE,UNIQUE,CANDIDATE,TECHNICAL_FALLBACK. No visual inspection performed.
268,IMG_8699.JPG,KOLASE KERTAS WARNA SD 010/IMG_8699.JPG,8.1,14,REJECT-CANDIDATE,LOW,CONTEXT_FALLBACK,PENDIDIKAN,GALLERY,CRAFT_EDU_CONTEXT,NONE,UNIQUE,ARCHIVE,TECHNICAL_FALLBACK. No visual inspection performed.
269,IMG_8701.JPG,KOLASE KERTAS WARNA SD 010/IMG_8701.JPG,37.69,31,C-CANDIDATE,LOW,CONTEXT_FALLBACK,PENDIDIKAN,GALLERY,CRAFT_EDU_CONTEXT,DG-008,MASTER_CANDIDATE,CANDIDATE,TECHNICAL_FALLBACK. No visual inspection performed.
270,IMG_8702.JPG,KOLASE KERTAS WARNA SD 010/IMG_8702.JPG,-5.38,2,REJECT-CANDIDATE,LOW,CONTEXT_FALLBACK,PENDIDIKAN,GALLERY,CRAFT_EDU_CONTEXT,DG-008,SIMILAR_CANDIDATE,ARCHIVE,TECHNICAL_FALLBACK. No visual inspection performed.
271,IMG_8703.JPG,KOLASE KERTAS WARNA SD 010/IMG_8703.JPG,-11.19,1,REJECT-CANDIDATE,LOW,CONTEXT_FALLBACK,PENDIDIKAN,GALLERY,CRAFT_EDU_CONTEXT,NONE,UNIQUE,ARCHIVE,TECHNICAL_FALLBACK. No visual inspection performed.
272,IMG_8704.JPG,KOLASE KERTAS WARNA SD 010/IMG_8704.JPG,58.26,52,B-CANDIDATE,LOW,CONTEXT_FALLBACK,PENDIDIKAN,GALLERY,CRAFT_EDU_CONTEXT,NONE,UNIQUE,CANDIDATE,TECHNICAL_FALLBACK. No visual inspection performed.
273,IMG_8707.JPG,KOLASE KERTAS WARNA SD 010/IMG_8707.JPG,56.38,50,B-CANDIDATE,LOW,CONTEXT_FALLBACK,PENDIDIKAN,GALLERY,CRAFT_EDU_CONTEXT,NONE,UNIQUE,CANDIDATE,TECHNICAL_FALLBACK. No visual inspection performed.
274,IMG_8708.JPG,KOLASE KERTAS WARNA SD 010/IMG_8708.JPG,40.8,34,C-CANDIDATE,LOW,CONTEXT_FALLBACK,PENDIDIKAN,GALLERY,CRAFT_EDU_CONTEXT,NONE,UNIQUE,CANDIDATE,TECHNICAL_FALLBACK. No visual inspection performed.
275,IMG_8709.JPG,KOLASE KERTAS WARNA SD 010/IMG_8709.JPG,76.62,70,A-CANDIDATE,LOW,CONTEXT_FALLBACK,PENDIDIKAN,GALLERY,CRAFT_EDU_CONTEXT,NONE,UNIQUE,CANDIDATE,TECHNICAL_FALLBACK. No visual inspection performed.
276,IMG_8710.JPG,KOLASE KERTAS WARNA SD 010/IMG_8710.JPG,41.01,34,C-CANDIDATE,LOW,CONTEXT_FALLBACK,PENDIDIKAN,GALLERY,CRAFT_EDU_CONTEXT,NONE,UNIQUE,CANDIDATE,TECHNICAL_FALLBACK. No visual inspection performed.
277,IMG_8711.JPG,KOLASE KERTAS WARNA SD 010/IMG_8711.JPG,67.05,59,B-CANDIDATE,LOW,CONTEXT_FALLBACK,PENDIDIKAN,GALLERY,CRAFT_EDU_CONTEXT,NONE,UNIQUE,CANDIDATE,TECHNICAL_FALLBACK. No visual inspection performed.
278,IMG_8712.JPG,KOLASE KERTAS WARNA SD 010/IMG_8712.JPG,32.72,25,C-CANDIDATE,LOW,CONTEXT_FALLBACK,PENDIDIKAN,GALLERY,CRAFT_EDU_CONTEXT,NONE,UNIQUE,CANDIDATE,TECHNICAL_FALLBACK. No visual inspection performed.
279,IMG_8713.JPG,KOLASE KERTAS WARNA SD 010/IMG_8713.JPG,-2.73,4,REJECT-CANDIDATE,LOW,CONTEXT_FALLBACK,PENDIDIKAN,GALLERY,CRAFT_EDU_CONTEXT,NONE,UNIQUE,ARCHIVE,TECHNICAL_FALLBACK. No visual inspection performed.
280,IMG_8714.JPG,KOLASE KERTAS WARNA SD 010/IMG_8714.JPG,96.4,89,S-CANDIDATE,LOW,CONTEXT_FALLBACK,PENDIDIKAN,GALLERY,CRAFT_EDU_CONTEXT,NONE,UNIQUE,CANDIDATE,TECHNICAL_FALLBACK. No visual inspection performed.
281,IMG_8715.JPG,KOLASE KERTAS WARNA SD 010/IMG_8715.JPG,39.85,33,C-CANDIDATE,LOW,CONTEXT_FALLBACK,PENDIDIKAN,GALLERY,CRAFT_EDU_CONTEXT,NONE,UNIQUE,CANDIDATE,TECHNICAL_FALLBACK. No visual inspection performed.
282,IMG_8716.JPG,KOLASE KERTAS WARNA SD 010/IMG_8716.JPG,49.8,44,C-CANDIDATE,LOW,CONTEXT_FALLBACK,PENDIDIKAN,GALLERY,CRAFT_EDU_CONTEXT,NONE,UNIQUE,CANDIDATE,TECHNICAL_FALLBACK. No visual inspection performed.
283,IMG_8721.JPG,KOLASE KERTAS WARNA SD 010/IMG_8721.JPG,59.59,52,B-CANDIDATE,LOW,CONTEXT_FALLBACK,PENDIDIKAN,GALLERY,CRAFT_EDU_CONTEXT,NONE,UNIQUE,CANDIDATE,TECHNICAL_FALLBACK. No visual inspection performed.
284,IMG_8722.JPG,KOLASE KERTAS WARNA SD 010/IMG_8722.JPG,39.68,33,C-CANDIDATE,LOW,CONTEXT_FALLBACK,PENDIDIKAN,GALLERY,CRAFT_EDU_CONTEXT,NONE,UNIQUE,CANDIDATE,TECHNICAL_FALLBACK. No visual inspection performed.
285,IMG_8437.JPG,KOLASE SAMPAH PLASTIK 008/IMG_8437.JPG,66.55,59,B-CANDIDATE,LOW,CONTEXT_FALLBACK,PENDIDIKAN,GALLERY,CRAFT_EDU_CONTEXT,NONE,UNIQUE,CANDIDATE,TECHNICAL_FALLBACK. No visual inspection performed.
286,IMG_8438.JPG,KOLASE SAMPAH PLASTIK 008/IMG_8438.JPG,42.45,36,C-CANDIDATE,LOW,CONTEXT_FALLBACK,PENDIDIKAN,GALLERY,CRAFT_EDU_CONTEXT,NONE,UNIQUE,CANDIDATE,TECHNICAL_FALLBACK. No visual inspection performed.
287,IMG_8439.JPG,KOLASE SAMPAH PLASTIK 008/IMG_8439.JPG,68.87,61,B-CANDIDATE,LOW,CONTEXT_FALLBACK,PENDIDIKAN,GALLERY,CRAFT_EDU_CONTEXT,NONE,UNIQUE,CANDIDATE,TECHNICAL_FALLBACK. No visual inspection performed.
288,IMG_8440.JPG,KOLASE SAMPAH PLASTIK 008/IMG_8440.JPG,73.85,67,B-CANDIDATE,LOW,CONTEXT_FALLBACK,PENDIDIKAN,GALLERY,CRAFT_EDU_CONTEXT,NONE,UNIQUE,CANDIDATE,TECHNICAL_FALLBACK. No visual inspection performed.
289,IMG_8441.JPG,KOLASE SAMPAH PLASTIK 008/IMG_8441.JPG,88.89,81,A-CANDIDATE,LOW,CONTEXT_FALLBACK,PENDIDIKAN,GALLERY,CRAFT_EDU_CONTEXT,NONE,UNIQUE,CANDIDATE,TECHNICAL_FALLBACK. No visual inspection performed.
290,IMG_8442.JPG,KOLASE SAMPAH PLASTIK 008/IMG_8442.JPG,0.92,8,REJECT-CANDIDATE,LOW,CONTEXT_FALLBACK,PENDIDIKAN,GALLERY,CRAFT_EDU_CONTEXT,NONE,UNIQUE,ARCHIVE,TECHNICAL_FALLBACK. No visual inspection performed.
291,IMG_8443.JPG,KOLASE SAMPAH PLASTIK 008/IMG_8443.JPG,68.87,61,B-CANDIDATE,LOW,CONTEXT_FALLBACK,PENDIDIKAN,GALLERY,CRAFT_EDU_CONTEXT,NONE,UNIQUE,CANDIDATE,TECHNICAL_FALLBACK. No visual inspection performed.
292,IMG_8444.JPG,KOLASE SAMPAH PLASTIK 008/IMG_8444.JPG,91.09,84,S-CANDIDATE,LOW,CONTEXT_FALLBACK,PENDIDIKAN,GALLERY,CRAFT_EDU_CONTEXT,NONE,UNIQUE,CANDIDATE,TECHNICAL_FALLBACK. No visual inspection performed.
293,IMG_8446.JPG,KOLASE SAMPAH PLASTIK 008/IMG_8446.JPG,31.89,24,C-CANDIDATE,LOW,CONTEXT_FALLBACK,PENDIDIKAN,GALLERY,CRAFT_EDU_CONTEXT,NONE,UNIQUE,CANDIDATE,TECHNICAL_FALLBACK. No visual inspection performed.
294,IMG_8449.JPG,KOLASE SAMPAH PLASTIK 008/IMG_8449.JPG,71.53,65,B-CANDIDATE,LOW,CONTEXT_FALLBACK,PENDIDIKAN,GALLERY,CRAFT_EDU_CONTEXT,NONE,UNIQUE,CANDIDATE,TECHNICAL_FALLBACK. No visual inspection performed.
295,IMG_8450.JPG,KOLASE SAMPAH PLASTIK 008/IMG_8450.JPG,31.89,24,C-CANDIDATE,LOW,CONTEXT_FALLBACK,PENDIDIKAN,GALLERY,CRAFT_EDU_CONTEXT,NONE,UNIQUE,CANDIDATE,TECHNICAL_FALLBACK. No visual inspection performed.
296,IMG_8451.JPG,KOLASE SAMPAH PLASTIK 008/IMG_8451.JPG,48.64,42,C-CANDIDATE,LOW,CONTEXT_FALLBACK,PENDIDIKAN,GALLERY,CRAFT_EDU_CONTEXT,NONE,UNIQUE,CANDIDATE,TECHNICAL_FALLBACK. No visual inspection performed.
297,IMG_8452.JPG,KOLASE SAMPAH PLASTIK 008/IMG_8452.JPG,95.02,88,S-CANDIDATE,LOW,CONTEXT_FALLBACK,PENDIDIKAN,GALLERY,CRAFT_EDU_CONTEXT,NONE,UNIQUE,CANDIDATE,TECHNICAL_FALLBACK. No visual inspection performed.
298,IMG_8453.JPG,KOLASE SAMPAH PLASTIK 008/IMG_8453.JPG,43.95,38,C-CANDIDATE,LOW,CONTEXT_FALLBACK,PENDIDIKAN,GALLERY,CRAFT_EDU_CONTEXT,NONE,UNIQUE,CANDIDATE,TECHNICAL_FALLBACK. No visual inspection performed.
299,IMG_8454.JPG,KOLASE SAMPAH PLASTIK 008/IMG_8454.JPG,-0.36,6,REJECT-CANDIDATE,LOW,CONTEXT_FALLBACK,PENDIDIKAN,GALLERY,CRAFT_EDU_CONTEXT,NONE,UNIQUE,ARCHIVE,TECHNICAL_FALLBACK. No visual inspection performed.
300,IMG_8456.JPG,KOLASE SAMPAH PLASTIK 008/IMG_8456.JPG,84.96,78,A-CANDIDATE,LOW,CONTEXT_FALLBACK,PENDIDIKAN,GALLERY,CRAFT_EDU_CONTEXT,NONE,UNIQUE,CANDIDATE,TECHNICAL_FALLBACK. No visual inspection performed.
301,IMG_8458.JPG,KOLASE SAMPAH PLASTIK 008/IMG_8458.JPG,66.83,59,B-CANDIDATE,LOW,CONTEXT_FALLBACK,PENDIDIKAN,GALLERY,CRAFT_EDU_CONTEXT,NONE,UNIQUE,CANDIDATE,TECHNICAL_FALLBACK. No visual inspection performed.
302,IMG_8459.JPG,KOLASE SAMPAH PLASTIK 008/IMG_8459.JPG,78.61,73,A-CANDIDATE,LOW,CONTEXT_FALLBACK,PENDIDIKAN,GALLERY,CRAFT_EDU_CONTEXT,NONE,UNIQUE,CANDIDATE,TECHNICAL_FALLBACK. No visual inspection performed.
303,IMG_8460.JPG,KOLASE SAMPAH PLASTIK 008/IMG_8460.JPG,57.26,51,B-CANDIDATE,LOW,CONTEXT_FALLBACK,PENDIDIKAN,GALLERY,CRAFT_EDU_CONTEXT,NONE,UNIQUE,CANDIDATE,TECHNICAL_FALLBACK. No visual inspection performed.
304,IMG_8462.JPG,KOLASE SAMPAH PLASTIK 008/IMG_8462.JPG,-4.67,3,REJECT-CANDIDATE,LOW,CONTEXT_FALLBACK,PENDIDIKAN,GALLERY,CRAFT_EDU_CONTEXT,NONE,UNIQUE,ARCHIVE,TECHNICAL_FALLBACK. No visual inspection performed.
305,IMG_8467.JPG,KOLASE SAMPAH PLASTIK 008/IMG_8467.JPG,75.01,69,A-CANDIDATE,LOW,CONTEXT_FALLBACK,PENDIDIKAN,GALLERY,CRAFT_EDU_CONTEXT,NONE,UNIQUE,CANDIDATE,TECHNICAL_FALLBACK. No visual inspection performed.
306,IMG_8468.JPG,KOLASE SAMPAH PLASTIK 008/IMG_8468.JPG,46.32,40,C-CANDIDATE,LOW,CONTEXT_FALLBACK,PENDIDIKAN,GALLERY,CRAFT_EDU_CONTEXT,NONE,UNIQUE,CANDIDATE,TECHNICAL_FALLBACK. No visual inspection performed.
307,IMG_8470.JPG,KOLASE SAMPAH PLASTIK 008/IMG_8470.JPG,12.58,18,REJECT-CANDIDATE,LOW,CONTEXT_FALLBACK,PENDIDIKAN,GALLERY,CRAFT_EDU_CONTEXT,NONE,UNIQUE,ARCHIVE,TECHNICAL_FALLBACK. No visual inspection performed.
308,IMG_8471.JPG,KOLASE SAMPAH PLASTIK 008/IMG_8471.JPG,38.14,31,C-CANDIDATE,LOW,CONTEXT_FALLBACK,PENDIDIKAN,GALLERY,CRAFT_EDU_CONTEXT,NONE,UNIQUE,CANDIDATE,TECHNICAL_FALLBACK. No visual inspection performed.
309,IMG_8475.JPG,KOLASE SAMPAH PLASTIK 008/IMG_8475.JPG,41.51,35,C-CANDIDATE,LOW,CONTEXT_FALLBACK,PENDIDIKAN,GALLERY,CRAFT_EDU_CONTEXT,NONE,UNIQUE,CANDIDATE,TECHNICAL_FALLBACK. No visual inspection performed.
310,IMG_8477.JPG,KOLASE SAMPAH PLASTIK 008/IMG_8477.JPG,76.0,70,A-CANDIDATE,LOW,CONTEXT_FALLBACK,PENDIDIKAN,GALLERY,CRAFT_EDU_CONTEXT,NONE,UNIQUE,CANDIDATE,TECHNICAL_FALLBACK. No visual inspection performed.
311,IMG_8478.JPG,KOLASE SAMPAH PLASTIK 008/IMG_8478.JPG,60.58,53,B-CANDIDATE,LOW,CONTEXT_FALLBACK,PENDIDIKAN,GALLERY,CRAFT_EDU_CONTEXT,NONE,UNIQUE,CANDIDATE,TECHNICAL_FALLBACK. No visual inspection performed.
312,IMG_8479.JPG,KOLASE SAMPAH PLASTIK 008/IMG_8479.JPG,6.28,13,REJECT-CANDIDATE,LOW,CONTEXT_FALLBACK,PENDIDIKAN,GALLERY,CRAFT_EDU_CONTEXT,NONE,UNIQUE,ARCHIVE,TECHNICAL_FALLBACK. No visual inspection performed.
313,IMG_8481.JPG,KOLASE SAMPAH PLASTIK 008/IMG_8481.JPG,76.67,71,A-CANDIDATE,LOW,CONTEXT_FALLBACK,PENDIDIKAN,GALLERY,CRAFT_EDU_CONTEXT,NONE,UNIQUE,CANDIDATE,TECHNICAL_FALLBACK. No visual inspection performed.
314,IMG_8482.JPG,KOLASE SAMPAH PLASTIK 008/IMG_8482.JPG,88.89,82,A-CANDIDATE,LOW,CONTEXT_FALLBACK,PENDIDIKAN,GALLERY,CRAFT_EDU_CONTEXT,NONE,UNIQUE,CANDIDATE,TECHNICAL_FALLBACK. No visual inspection performed.
315,IMG_8484.JPG,KOLASE SAMPAH PLASTIK 008/IMG_8484.JPG,67.83,60,B-CANDIDATE,LOW,CONTEXT_FALLBACK,PENDIDIKAN,GALLERY,CRAFT_EDU_CONTEXT,NONE,UNIQUE,CANDIDATE,TECHNICAL_FALLBACK. No visual inspection performed.
316,IMG_8485.JPG,KOLASE SAMPAH PLASTIK 008/IMG_8485.JPG,58.09,51,B-CANDIDATE,LOW,CONTEXT_FALLBACK,PENDIDIKAN,GALLERY,CRAFT_EDU_CONTEXT,NONE,UNIQUE,CANDIDATE,TECHNICAL_FALLBACK. No visual inspection performed.
317,IMG_8486.JPG,KOLASE SAMPAH PLASTIK 008/IMG_8486.JPG,72.97,67,B-CANDIDATE,LOW,CONTEXT_FALLBACK,PENDIDIKAN,GALLERY,CRAFT_EDU_CONTEXT,NONE,UNIQUE,CANDIDATE,TECHNICAL_FALLBACK. No visual inspection performed.
318,IMG_8487.JPG,KOLASE SAMPAH PLASTIK 008/IMG_8487.JPG,2.79,10,REJECT-CANDIDATE,LOW,CONTEXT_FALLBACK,PENDIDIKAN,GALLERY,CRAFT_EDU_CONTEXT,NONE,UNIQUE,ARCHIVE,TECHNICAL_FALLBACK. No visual inspection performed.
319,IMG_8488.JPG,KOLASE SAMPAH PLASTIK 008/IMG_8488.JPG,47.81,41,C-CANDIDATE,LOW,CONTEXT_FALLBACK,PENDIDIKAN,GALLERY,CRAFT_EDU_CONTEXT,NONE,UNIQUE,CANDIDATE,TECHNICAL_FALLBACK. No visual inspection performed.
320,IMG_8491.JPG,KOLASE SAMPAH PLASTIK 008/IMG_8491.JPG,97.56,90,S-CANDIDATE,LOW,CONTEXT_FALLBACK,PENDIDIKAN,GALLERY,CRAFT_EDU_CONTEXT,NONE,UNIQUE,CANDIDATE,TECHNICAL_FALLBACK. No visual inspection performed.
321,IMG_8492.JPG,KOLASE SAMPAH PLASTIK 008/IMG_8492.JPG,44.33,38,C-CANDIDATE,LOW,CONTEXT_FALLBACK,PENDIDIKAN,GALLERY,CRAFT_EDU_CONTEXT,NONE,UNIQUE,CANDIDATE,TECHNICAL_FALLBACK. No visual inspection performed.
322,IMG_8493.JPG,KOLASE SAMPAH PLASTIK 008/IMG_8493.JPG,10.75,16,REJECT-CANDIDATE,LOW,CONTEXT_FALLBACK,PENDIDIKAN,GALLERY,CRAFT_EDU_CONTEXT,NONE,UNIQUE,ARCHIVE,TECHNICAL_FALLBACK. No visual inspection performed.
323,IMG_8495.JPG,KOLASE SAMPAH PLASTIK 008/IMG_8495.JPG,85.79,79,A-CANDIDATE,LOW,CONTEXT_FALLBACK,PENDIDIKAN,GALLERY,CRAFT_EDU_CONTEXT,NONE,UNIQUE,CANDIDATE,TECHNICAL_FALLBACK. No visual inspection performed.
324,IMG_8496.JPG,KOLASE SAMPAH PLASTIK 008/IMG_8496.JPG,32.67,25,C-CANDIDATE,LOW,CONTEXT_FALLBACK,PENDIDIKAN,GALLERY,CRAFT_EDU_CONTEXT,NONE,UNIQUE,CANDIDATE,TECHNICAL_FALLBACK. No visual inspection performed.
325,IMG_8497.JPG,KOLASE SAMPAH PLASTIK 008/IMG_8497.JPG,108.34,99,S-CANDIDATE,LOW,CONTEXT_FALLBACK,PENDIDIKAN,GALLERY,CRAFT_EDU_CONTEXT,NONE,UNIQUE,CANDIDATE,TECHNICAL_FALLBACK. No visual inspection performed.
326,IMG_8498.JPG,KOLASE SAMPAH PLASTIK 008/IMG_8498.JPG,33.38,26,C-CANDIDATE,LOW,CONTEXT_FALLBACK,PENDIDIKAN,GALLERY,CRAFT_EDU_CONTEXT,NONE,UNIQUE,CANDIDATE,TECHNICAL_FALLBACK. No visual inspection performed.
327,IMG_8499.JPG,KOLASE SAMPAH PLASTIK 008/IMG_8499.JPG,51.46,45,C-CANDIDATE,LOW,CONTEXT_FALLBACK,PENDIDIKAN,GALLERY,CRAFT_EDU_CONTEXT,NONE,UNIQUE,CANDIDATE,TECHNICAL_FALLBACK. No visual inspection performed.
328,IMG_8500.JPG,KOLASE SAMPAH PLASTIK 008/IMG_8500.JPG,33.22,26,C-CANDIDATE,LOW,CONTEXT_FALLBACK,PENDIDIKAN,GALLERY,CRAFT_EDU_CONTEXT,NONE,UNIQUE,CANDIDATE,TECHNICAL_FALLBACK. No visual inspection performed.
329,IMG_8501.JPG,KOLASE SAMPAH PLASTIK 008/IMG_8501.JPG,48.92,42,C-CANDIDATE,LOW,CONTEXT_FALLBACK,PENDIDIKAN,GALLERY,CRAFT_EDU_CONTEXT,NONE,UNIQUE,CANDIDATE,TECHNICAL_FALLBACK. No visual inspection performed.
330,IMG_8504.JPG,KOLASE SAMPAH PLASTIK 008/IMG_8504.JPG,80.15,75,A-CANDIDATE,LOW,CONTEXT_FALLBACK,PENDIDIKAN,GALLERY,CRAFT_EDU_CONTEXT,NONE,UNIQUE,CANDIDATE,TECHNICAL_FALLBACK. No visual inspection performed.
331,IMG_8507.JPG,KOLASE SAMPAH PLASTIK 008/IMG_8507.JPG,-4.67,3,REJECT-CANDIDATE,LOW,CONTEXT_FALLBACK,PENDIDIKAN,GALLERY,CRAFT_EDU_CONTEXT,NONE,UNIQUE,ARCHIVE,TECHNICAL_FALLBACK. No visual inspection performed.
332,IMG_8508.JPG,KOLASE SAMPAH PLASTIK 008/IMG_8508.JPG,87.61,81,A-CANDIDATE,LOW,CONTEXT_FALLBACK,PENDIDIKAN,GALLERY,CRAFT_EDU_CONTEXT,NONE,UNIQUE,CANDIDATE,TECHNICAL_FALLBACK. No visual inspection performed.
333,IMG_8509.JPG,KOLASE SAMPAH PLASTIK 008/IMG_8509.JPG,61.74,54,B-CANDIDATE,LOW,CONTEXT_FALLBACK,PENDIDIKAN,GALLERY,CRAFT_EDU_CONTEXT,NONE,UNIQUE,CANDIDATE,TECHNICAL_FALLBACK. No visual inspection performed.
334,IMG_8510.JPG,KOLASE SAMPAH PLASTIK 008/IMG_8510.JPG,89.39,82,A-CANDIDATE,LOW,CONTEXT_FALLBACK,PENDIDIKAN,GALLERY,CRAFT_EDU_CONTEXT,NONE,UNIQUE,CANDIDATE,TECHNICAL_FALLBACK. No visual inspection performed.
335,IMG_8511.JPG,KOLASE SAMPAH PLASTIK 008/IMG_8511.JPG,-2.51,5,REJECT-CANDIDATE,LOW,CONTEXT_FALLBACK,PENDIDIKAN,GALLERY,CRAFT_EDU_CONTEXT,NONE,UNIQUE,ARCHIVE,TECHNICAL_FALLBACK. No visual inspection performed.
336,IMG_8514.JPG,KOLASE SAMPAH PLASTIK 008/IMG_8514.JPG,43.17,37,C-CANDIDATE,LOW,CONTEXT_FALLBACK,PENDIDIKAN,GALLERY,CRAFT_EDU_CONTEXT,NONE,UNIQUE,CANDIDATE,TECHNICAL_FALLBACK. No visual inspection performed.
337,IMG_8515.JPG,KOLASE SAMPAH PLASTIK 008/IMG_8515.JPG,99.72,92,S-CANDIDATE,LOW,CONTEXT_FALLBACK,PENDIDIKAN,GALLERY,CRAFT_EDU_CONTEXT,NONE,UNIQUE,CANDIDATE,TECHNICAL_FALLBACK. No visual inspection performed.
338,IMG_8519.JPG,KOLASE SAMPAH PLASTIK 008/IMG_8519.JPG,37.65,30,C-CANDIDATE,LOW,CONTEXT_FALLBACK,PENDIDIKAN,GALLERY,CRAFT_EDU_CONTEXT,NONE,UNIQUE,CANDIDATE,TECHNICAL_FALLBACK. No visual inspection performed.
339,IMG_8521.JPG,KOLASE SAMPAH PLASTIK 008/IMG_8521.JPG,5.45,13,REJECT-CANDIDATE,LOW,CONTEXT_FALLBACK,PENDIDIKAN,GALLERY,CRAFT_EDU_CONTEXT,NONE,UNIQUE,ARCHIVE,TECHNICAL_FALLBACK. No visual inspection performed.
340,IMG_8522.JPG,KOLASE SAMPAH PLASTIK 008/IMG_8522.JPG,68.87,62,B-CANDIDATE,LOW,CONTEXT_FALLBACK,PENDIDIKAN,GALLERY,CRAFT_EDU_CONTEXT,NONE,UNIQUE,CANDIDATE,TECHNICAL_FALLBACK. No visual inspection performed.
341,IMG_8523.JPG,KOLASE SAMPAH PLASTIK 008/IMG_8523.JPG,41.34,35,C-CANDIDATE,LOW,CONTEXT_FALLBACK,PENDIDIKAN,GALLERY,CRAFT_EDU_CONTEXT,NONE,UNIQUE,CANDIDATE,TECHNICAL_FALLBACK. No visual inspection performed.
342,IMG_8526.JPG,KOLASE SAMPAH PLASTIK 008/IMG_8526.JPG,82.64,77,A-CANDIDATE,LOW,CONTEXT_FALLBACK,PENDIDIKAN,GALLERY,CRAFT_EDU_CONTEXT,NONE,UNIQUE,CANDIDATE,TECHNICAL_FALLBACK. No visual inspection performed.
343,IMG_8527.JPG,KOLASE SAMPAH PLASTIK 008/IMG_8527.JPG,72.47,66,B-CANDIDATE,LOW,CONTEXT_FALLBACK,PENDIDIKAN,GALLERY,CRAFT_EDU_CONTEXT,NONE,UNIQUE,CANDIDATE,TECHNICAL_FALLBACK. No visual inspection performed.
344,IMG_8528.JPG,KOLASE SAMPAH PLASTIK 008/IMG_8528.JPG,-0.07,7,REJECT-CANDIDATE,LOW,CONTEXT_FALLBACK,PENDIDIKAN,GALLERY,CRAFT_EDU_CONTEXT,NONE,UNIQUE,ARCHIVE,TECHNICAL_FALLBACK. No visual inspection performed.
345,IMG_8529.JPG,KOLASE SAMPAH PLASTIK 008/IMG_8529.JPG,88.61,81,A-CANDIDATE,LOW,CONTEXT_FALLBACK,PENDIDIKAN,GALLERY,CRAFT_EDU_CONTEXT,NONE,UNIQUE,CANDIDATE,TECHNICAL_FALLBACK. No visual inspection performed.
346,IMG_8531.JPG,KOLASE SAMPAH PLASTIK 008/IMG_8531.JPG,-0.36,7,REJECT-CANDIDATE,LOW,CONTEXT_FALLBACK,PENDIDIKAN,GALLERY,CRAFT_EDU_CONTEXT,NONE,UNIQUE,ARCHIVE,TECHNICAL_FALLBACK. No visual inspection performed.
347,IMG_8532.JPG,KOLASE SAMPAH PLASTIK 008/IMG_8532.JPG,101.54,94,S-CANDIDATE,LOW,CONTEXT_FALLBACK,PENDIDIKAN,GALLERY,CRAFT_EDU_CONTEXT,NONE,UNIQUE,CANDIDATE,TECHNICAL_FALLBACK. No visual inspection performed.
348,IMG_8537.JPG,KOLASE SAMPAH PLASTIK 008/IMG_8537.JPG,66.05,58,B-CANDIDATE,LOW,CONTEXT_FALLBACK,PENDIDIKAN,GALLERY,CRAFT_EDU_CONTEXT,NONE,UNIQUE,CANDIDATE,TECHNICAL_FALLBACK. No visual inspection performed.
349,IMG_8538.JPG,KOLASE SAMPAH PLASTIK 008/IMG_8538.JPG,34.54,27,C-CANDIDATE,LOW,CONTEXT_FALLBACK,PENDIDIKAN,GALLERY,CRAFT_EDU_CONTEXT,NONE,UNIQUE,CANDIDATE,TECHNICAL_FALLBACK. No visual inspection performed.
350,IMG_8545.JPG,KOLASE SAMPAH PLASTIK 008/IMG_8545.JPG,0.47,8,REJECT-CANDIDATE,LOW,CONTEXT_FALLBACK,PENDIDIKAN,GALLERY,CRAFT_EDU_CONTEXT,NONE,UNIQUE,ARCHIVE,TECHNICAL_FALLBACK. No visual inspection performed.
351,IMG_8546.JPG,KOLASE SAMPAH PLASTIK 008/IMG_8546.JPG,-4.22,3,REJECT-CANDIDATE,LOW,CONTEXT_FALLBACK,PENDIDIKAN,GALLERY,CRAFT_EDU_CONTEXT,NONE,UNIQUE,ARCHIVE,TECHNICAL_FALLBACK. No visual inspection performed.
352,IMG_8547.JPG,KOLASE SAMPAH PLASTIK 008/IMG_8547.JPG,86.29,79,A-CANDIDATE,LOW,CONTEXT_FALLBACK,PENDIDIKAN,GALLERY,CRAFT_EDU_CONTEXT,NONE,UNIQUE,CANDIDATE,TECHNICAL_FALLBACK. No visual inspection performed.
353,IMG_8548.JPG,KOLASE SAMPAH PLASTIK 008/IMG_8548.JPG,100.71,93,S-CANDIDATE,LOW,CONTEXT_FALLBACK,PENDIDIKAN,GALLERY,CRAFT_EDU_CONTEXT,NONE,UNIQUE,CANDIDATE,TECHNICAL_FALLBACK. No visual inspection performed.
354,IMG_8549.JPG,KOLASE SAMPAH PLASTIK 008/IMG_8549.JPG,62.85,55,B-CANDIDATE,LOW,CONTEXT_FALLBACK,PENDIDIKAN,GALLERY,CRAFT_EDU_CONTEXT,NONE,UNIQUE,CANDIDATE,TECHNICAL_FALLBACK. No visual inspection performed.
355,IMG_8550.JPG,KOLASE SAMPAH PLASTIK 008/IMG_8550.JPG,4.29,12,REJECT-CANDIDATE,LOW,CONTEXT_FALLBACK,PENDIDIKAN,GALLERY,CRAFT_EDU_CONTEXT,NONE,UNIQUE,ARCHIVE,TECHNICAL_FALLBACK. No visual inspection performed.
356,IMG_8551.JPG,KOLASE SAMPAH PLASTIK 008/IMG_8551.JPG,63.57,56,B-CANDIDATE,LOW,CONTEXT_FALLBACK,PENDIDIKAN,GALLERY,CRAFT_EDU_CONTEXT,NONE,UNIQUE,CANDIDATE,TECHNICAL_FALLBACK. No visual inspection performed.
357,IMG_8552.JPG,KOLASE SAMPAH PLASTIK 008/IMG_8552.JPG,-14.17,0,REJECT-CANDIDATE,LOW,CONTEXT_FALLBACK,PENDIDIKAN,GALLERY,CRAFT_EDU_CONTEXT,NONE,UNIQUE,ARCHIVE,TECHNICAL_FALLBACK. No visual inspection performed.
358,IMG_8553.JPG,KOLASE SAMPAH PLASTIK 008/IMG_8553.JPG,49.47,43,C-CANDIDATE,LOW,CONTEXT_FALLBACK,PENDIDIKAN,GALLERY,CRAFT_EDU_CONTEXT,NONE,UNIQUE,CANDIDATE,TECHNICAL_FALLBACK. No visual inspection performed.
359,IMG_8554.JPG,KOLASE SAMPAH PLASTIK 008/IMG_8554.JPG,85.79,79,A-CANDIDATE,LOW,CONTEXT_FALLBACK,PENDIDIKAN,GALLERY,CRAFT_EDU_CONTEXT,NONE,UNIQUE,CANDIDATE,TECHNICAL_FALLBACK. No visual inspection performed.
360,IMG_8561.JPG,KOLASE SAMPAH PLASTIK 008/IMG_8561.JPG,73.47,67,B-CANDIDATE,LOW,CONTEXT_FALLBACK,PENDIDIKAN,GALLERY,CRAFT_EDU_CONTEXT,NONE,UNIQUE,CANDIDATE,TECHNICAL_FALLBACK. No visual inspection performed.
361,IMG_8562.JPG,KOLASE SAMPAH PLASTIK 008/IMG_8562.JPG,58.09,51,B-CANDIDATE,LOW,CONTEXT_FALLBACK,PENDIDIKAN,GALLERY,CRAFT_EDU_CONTEXT,NONE,UNIQUE,CANDIDATE,TECHNICAL_FALLBACK. No visual inspection performed.
362,IMG_8563.JPG,KOLASE SAMPAH PLASTIK 008/IMG_8563.JPG,79.15,73,A-CANDIDATE,LOW,CONTEXT_FALLBACK,PENDIDIKAN,GALLERY,CRAFT_EDU_CONTEXT,NONE,UNIQUE,CANDIDATE,TECHNICAL_FALLBACK. No visual inspection performed.
363,IMG_8565.JPG,KOLASE SAMPAH PLASTIK 008/IMG_8565.JPG,30.56,23,C-CANDIDATE,LOW,CONTEXT_FALLBACK,PENDIDIKAN,GALLERY,CRAFT_EDU_CONTEXT,NONE,UNIQUE,CANDIDATE,TECHNICAL_FALLBACK. No visual inspection performed.
364,IMG_8567.JPG,KOLASE SAMPAH PLASTIK 008/IMG_8567.JPG,21.23,20,REJECT-CANDIDATE,LOW,CONTEXT_FALLBACK,PENDIDIKAN,GALLERY,CRAFT_EDU_CONTEXT,NONE,UNIQUE,ARCHIVE,TECHNICAL_FALLBACK. No visual inspection performed.
365,IMG_8568.JPG,KOLASE SAMPAH PLASTIK 008/IMG_8568.JPG,11.42,17,REJECT-CANDIDATE,LOW,CONTEXT_FALLBACK,PENDIDIKAN,GALLERY,CRAFT_EDU_CONTEXT,NONE,UNIQUE,ARCHIVE,TECHNICAL_FALLBACK. No visual inspection performed.
366,IMG_8569.JPG,KOLASE SAMPAH PLASTIK 008/IMG_8569.JPG,65.56,58,B-CANDIDATE,LOW,CONTEXT_FALLBACK,PENDIDIKAN,GALLERY,CRAFT_EDU_CONTEXT,NONE,UNIQUE,CANDIDATE,TECHNICAL_FALLBACK. No visual inspection performed.
367,IMG_8570.JPG,KOLASE SAMPAH PLASTIK 008/IMG_8570.JPG,28.36,22,REJECT-CANDIDATE,LOW,CONTEXT_FALLBACK,PENDIDIKAN,GALLERY,CRAFT_EDU_CONTEXT,NONE,UNIQUE,ARCHIVE,TECHNICAL_FALLBACK. No visual inspection performed.
368,IMG_8571.JPG,KOLASE SAMPAH PLASTIK 008/IMG_8571.JPG,91.43,84,S-CANDIDATE,LOW,CONTEXT_FALLBACK,PENDIDIKAN,GALLERY,CRAFT_EDU_CONTEXT,NONE,UNIQUE,CANDIDATE,TECHNICAL_FALLBACK. No visual inspection performed.
369,IMG_8572.JPG,KOLASE SAMPAH PLASTIK 008/IMG_8572.JPG,30.56,23,C-CANDIDATE,LOW,CONTEXT_FALLBACK,PENDIDIKAN,GALLERY,CRAFT_EDU_CONTEXT,NONE,UNIQUE,CANDIDATE,TECHNICAL_FALLBACK. No visual inspection performed.
370,IMG_8574.JPG,KOLASE SAMPAH PLASTIK 008/IMG_8574.JPG,90.22,83,S-CANDIDATE,LOW,CONTEXT_FALLBACK,PENDIDIKAN,GALLERY,CRAFT_EDU_CONTEXT,NONE,UNIQUE,CANDIDATE,TECHNICAL_FALLBACK. No visual inspection performed.
371,IMG_8575.JPG,KOLASE SAMPAH PLASTIK 008/IMG_8575.JPG,39.35,32,C-CANDIDATE,LOW,CONTEXT_FALLBACK,PENDIDIKAN,GALLERY,CRAFT_EDU_CONTEXT,NONE,UNIQUE,CANDIDATE,TECHNICAL_FALLBACK. No visual inspection performed.
372,IMG_8576.JPG,KOLASE SAMPAH PLASTIK 008/IMG_8576.JPG,4.95,12,REJECT-CANDIDATE,LOW,CONTEXT_FALLBACK,PENDIDIKAN,GALLERY,CRAFT_EDU_CONTEXT,NONE,UNIQUE,ARCHIVE,TECHNICAL_FALLBACK. No visual inspection performed.
373,IMG_8577.JPG,KOLASE SAMPAH PLASTIK 008/IMG_8577.JPG,55.56,49,B-CANDIDATE,LOW,CONTEXT_FALLBACK,PENDIDIKAN,GALLERY,CRAFT_EDU_CONTEXT,NONE,UNIQUE,CANDIDATE,TECHNICAL_FALLBACK. No visual inspection performed.
374,IMG_8578.JPG,KOLASE SAMPAH PLASTIK 008/IMG_8578.JPG,96.85,90,S-CANDIDATE,LOW,CONTEXT_FALLBACK,PENDIDIKAN,GALLERY,CRAFT_EDU_CONTEXT,NONE,UNIQUE,CANDIDATE,TECHNICAL_FALLBACK. No visual inspection performed.
375,IMG_8579.JPG,KOLASE SAMPAH PLASTIK 008/IMG_8579.JPG,-1.68,6,REJECT-CANDIDATE,LOW,CONTEXT_FALLBACK,PENDIDIKAN,GALLERY,CRAFT_EDU_CONTEXT,NONE,UNIQUE,ARCHIVE,TECHNICAL_FALLBACK. No visual inspection performed.
376,IMG_8580.JPG,KOLASE SAMPAH PLASTIK 008/IMG_8580.JPG,45.16,39,C-CANDIDATE,LOW,CONTEXT_FALLBACK,PENDIDIKAN,GALLERY,CRAFT_EDU_CONTEXT,NONE,UNIQUE,CANDIDATE,TECHNICAL_FALLBACK. No visual inspection performed.
377,IMG_8582.JPG,KOLASE SAMPAH PLASTIK 008/IMG_8582.JPG,109.17,99,S-CANDIDATE,LOW,CONTEXT_FALLBACK,PENDIDIKAN,GALLERY,CRAFT_EDU_CONTEXT,NONE,UNIQUE,CANDIDATE,TECHNICAL_FALLBACK. No visual inspection performed.
378,IMG_8584.JPG,KOLASE SAMPAH PLASTIK 008/IMG_8584.JPG,63.85,56,B-CANDIDATE,LOW,CONTEXT_FALLBACK,PENDIDIKAN,GALLERY,CRAFT_EDU_CONTEXT,NONE,UNIQUE,CANDIDATE,TECHNICAL_FALLBACK. No visual inspection performed.
379,IMG_8585.JPG,KOLASE SAMPAH PLASTIK 008/IMG_8585.JPG,86.29,79,A-CANDIDATE,LOW,CONTEXT_FALLBACK,PENDIDIKAN,GALLERY,CRAFT_EDU_CONTEXT,NONE,UNIQUE,CANDIDATE,TECHNICAL_FALLBACK. No visual inspection performed.
380,IMG_8586.JPG,KOLASE SAMPAH PLASTIK 008/IMG_8586.JPG,96.02,89,S-CANDIDATE,LOW,CONTEXT_FALLBACK,PENDIDIKAN,GALLERY,CRAFT_EDU_CONTEXT,NONE,UNIQUE,CANDIDATE,TECHNICAL_FALLBACK. No visual inspection performed.
381,IMG_8587.JPG,KOLASE SAMPAH PLASTIK 008/IMG_8587.JPG,21.23,20,REJECT-CANDIDATE,LOW,CONTEXT_FALLBACK,PENDIDIKAN,GALLERY,CRAFT_EDU_CONTEXT,NONE,UNIQUE,ARCHIVE,TECHNICAL_FALLBACK. No visual inspection performed.
382,IMG_8588.JPG,KOLASE SAMPAH PLASTIK 008/IMG_8588.JPG,82.09,76,A-CANDIDATE,LOW,CONTEXT_FALLBACK,PENDIDIKAN,GALLERY,CRAFT_EDU_CONTEXT,NONE,UNIQUE,CANDIDATE,TECHNICAL_FALLBACK. No visual inspection performed.
383,IMG_8589.JPG,KOLASE SAMPAH PLASTIK 008/IMG_8589.JPG,43.12,37,C-CANDIDATE,LOW,CONTEXT_FALLBACK,PENDIDIKAN,GALLERY,CRAFT_EDU_CONTEXT,NONE,UNIQUE,CANDIDATE,TECHNICAL_FALLBACK. No visual inspection performed.
384,IMG_8590.JPG,KOLASE SAMPAH PLASTIK 008/IMG_8590.JPG,95.57,88,S-CANDIDATE,LOW,CONTEXT_FALLBACK,PENDIDIKAN,GALLERY,CRAFT_EDU_CONTEXT,NONE,UNIQUE,CANDIDATE,TECHNICAL_FALLBACK. No visual inspection performed.
385,IMG_8361.JPG,NGAJAR SMPN/NGAJAR SMP/IMG_8361.JPG,93.08,86,S-CANDIDATE,LOW,CONTEXT_FALLBACK,PENDIDIKAN,KKN,FORMAL_EDU_CONTEXT,NONE,UNIQUE,CANDIDATE,TECHNICAL_FALLBACK. No visual inspection performed.
386,IMG_8363.JPG,NGAJAR SMPN/NGAJAR SMP/IMG_8363.JPG,54.39,48,C-CANDIDATE,LOW,CONTEXT_FALLBACK,PENDIDIKAN,KKN,FORMAL_EDU_CONTEXT,NONE,UNIQUE,CANDIDATE,TECHNICAL_FALLBACK. No visual inspection performed.
387,IMG_8364.JPG,NGAJAR SMPN/NGAJAR SMP/IMG_8364.JPG,44.44,38,C-CANDIDATE,LOW,CONTEXT_FALLBACK,PENDIDIKAN,KKN,FORMAL_EDU_CONTEXT,NONE,UNIQUE,CANDIDATE,TECHNICAL_FALLBACK. No visual inspection performed.
388,IMG_8365.JPG,NGAJAR SMPN/NGAJAR SMP/IMG_8365.JPG,83.3,77,A-CANDIDATE,LOW,CONTEXT_FALLBACK,PENDIDIKAN,KKN,FORMAL_EDU_CONTEXT,NONE,UNIQUE,CANDIDATE,TECHNICAL_FALLBACK. No visual inspection performed.
389,IMG_8369.JPG,NGAJAR SMPN/NGAJAR SMP/IMG_8369.JPG,84.91,78,A-CANDIDATE,LOW,CONTEXT_FALLBACK,PENDIDIKAN,KKN,FORMAL_EDU_CONTEXT,NONE,UNIQUE,CANDIDATE,TECHNICAL_FALLBACK. No visual inspection performed.
390,IMG_8377.JPG,NGAJAR SMPN/NGAJAR SMP/IMG_8377.JPG,75.67,69,A-CANDIDATE,LOW,CONTEXT_FALLBACK,PENDIDIKAN,KKN,FORMAL_EDU_CONTEXT,NONE,UNIQUE,CANDIDATE,TECHNICAL_FALLBACK. No visual inspection performed.
391,IMG_8378.JPG,NGAJAR SMPN/NGAJAR SMP/IMG_8378.JPG,61.08,54,B-CANDIDATE,LOW,CONTEXT_FALLBACK,PENDIDIKAN,KKN,FORMAL_EDU_CONTEXT,NONE,UNIQUE,CANDIDATE,TECHNICAL_FALLBACK. No visual inspection performed.
392,IMG_8384.JPG,NGAJAR SMPN/NGAJAR SMP/IMG_8384.JPG,74.96,68,B-CANDIDATE,LOW,CONTEXT_FALLBACK,PENDIDIKAN,KKN,FORMAL_EDU_CONTEXT,NONE,UNIQUE,CANDIDATE,TECHNICAL_FALLBACK. No visual inspection performed.
393,IMG_8386.JPG,NGAJAR SMPN/NGAJAR SMP/IMG_8386.JPG,94.58,87,S-CANDIDATE,LOW,CONTEXT_FALLBACK,PENDIDIKAN,KKN,FORMAL_EDU_CONTEXT,NONE,UNIQUE,CANDIDATE,TECHNICAL_FALLBACK. No visual inspection performed.
394,IMG_8390.JPG,NGAJAR SMPN/NGAJAR SMP/IMG_8390.JPG,95.57,88,S-CANDIDATE,LOW,CONTEXT_FALLBACK,PENDIDIKAN,KKN,FORMAL_EDU_CONTEXT,NONE,UNIQUE,CANDIDATE,TECHNICAL_FALLBACK. No visual inspection performed.
395,IMG_8392.JPG,NGAJAR SMPN/NGAJAR SMP/IMG_8392.JPG,2.79,10,REJECT-CANDIDATE,LOW,CONTEXT_FALLBACK,PENDIDIKAN,KKN,FORMAL_EDU_CONTEXT,NONE,UNIQUE,ARCHIVE,TECHNICAL_FALLBACK. No visual inspection performed.
396,IMG_8399.JPG,NGAJAR SMPN/NGAJAR SMP/IMG_8399.JPG,75.34,69,A-CANDIDATE,LOW,CONTEXT_FALLBACK,PENDIDIKAN,KKN,FORMAL_EDU_CONTEXT,NONE,UNIQUE,CANDIDATE,TECHNICAL_FALLBACK. No visual inspection performed.
397,IMG_8400.JPG,NGAJAR SMPN/NGAJAR SMP/IMG_8400.JPG,44.49,38,C-CANDIDATE,LOW,CONTEXT_FALLBACK,PENDIDIKAN,KKN,FORMAL_EDU_CONTEXT,NONE,UNIQUE,CANDIDATE,TECHNICAL_FALLBACK. No visual inspection performed.
398,IMG_8401.JPG,NGAJAR SMPN/NGAJAR SMP/IMG_8401.JPG,0.26,7,REJECT-CANDIDATE,LOW,CONTEXT_FALLBACK,PENDIDIKAN,KKN,FORMAL_EDU_CONTEXT,NONE,UNIQUE,ARCHIVE,TECHNICAL_FALLBACK. No visual inspection performed.
399,IMG_8402.JPG,NGAJAR SMPN/NGAJAR SMP/IMG_8402.JPG,-0.85,6,REJECT-CANDIDATE,LOW,CONTEXT_FALLBACK,PENDIDIKAN,KKN,FORMAL_EDU_CONTEXT,NONE,UNIQUE,ARCHIVE,TECHNICAL_FALLBACK. No visual inspection performed.
400,IMG_8404.JPG,NGAJAR SMPN/NGAJAR SMP/IMG_8404.JPG,67.83,60,B-CANDIDATE,LOW,CONTEXT_FALLBACK,PENDIDIKAN,KKN,FORMAL_EDU_CONTEXT,NONE,UNIQUE,CANDIDATE,TECHNICAL_FALLBACK. No visual inspection performed.
401,IMG_8405.JPG,NGAJAR SMPN/NGAJAR SMP/IMG_8405.JPG,82.47,76,A-CANDIDATE,LOW,CONTEXT_FALLBACK,PENDIDIKAN,KKN,FORMAL_EDU_CONTEXT,NONE,UNIQUE,CANDIDATE,TECHNICAL_FALLBACK. No visual inspection performed.
402,IMG_8406.JPG,NGAJAR SMPN/NGAJAR SMP/IMG_8406.JPG,76.67,71,A-CANDIDATE,LOW,CONTEXT_FALLBACK,PENDIDIKAN,KKN,FORMAL_EDU_CONTEXT,NONE,UNIQUE,CANDIDATE,TECHNICAL_FALLBACK. No visual inspection performed.
403,IMG_8408.JPG,NGAJAR SMPN/NGAJAR SMP/IMG_8408.JPG,1.97,10,REJECT-CANDIDATE,LOW,CONTEXT_FALLBACK,PENDIDIKAN,KKN,FORMAL_EDU_CONTEXT,NONE,UNIQUE,ARCHIVE,TECHNICAL_FALLBACK. No visual inspection performed.
404,IMG_8409.JPG,NGAJAR SMPN/NGAJAR SMP/IMG_8409.JPG,71.19,65,B-CANDIDATE,LOW,CONTEXT_FALLBACK,PENDIDIKAN,KKN,FORMAL_EDU_CONTEXT,NONE,UNIQUE,CANDIDATE,TECHNICAL_FALLBACK. No visual inspection performed.
405,IMG_8411.JPG,NGAJAR SMPN/NGAJAR SMP/IMG_8411.JPG,28.03,22,REJECT-CANDIDATE,LOW,CONTEXT_FALLBACK,PENDIDIKAN,KKN,FORMAL_EDU_CONTEXT,NONE,UNIQUE,ARCHIVE,TECHNICAL_FALLBACK. No visual inspection performed.
406,IMG_8413.JPG,NGAJAR SMPN/NGAJAR SMP/IMG_8413.JPG,25.54,21,REJECT-CANDIDATE,LOW,CONTEXT_FALLBACK,PENDIDIKAN,KKN,FORMAL_EDU_CONTEXT,NONE,UNIQUE,ARCHIVE,TECHNICAL_FALLBACK. No visual inspection performed.
407,IMG_8414.JPG,NGAJAR SMPN/NGAJAR SMP/IMG_8414.JPG,57.88,51,B-CANDIDATE,LOW,CONTEXT_FALLBACK,PENDIDIKAN,KKN,FORMAL_EDU_CONTEXT,NONE,UNIQUE,CANDIDATE,TECHNICAL_FALLBACK. No visual inspection performed.
408,IMG_8416.JPG,NGAJAR SMPN/NGAJAR SMP/IMG_8416.JPG,72.47,66,B-CANDIDATE,LOW,CONTEXT_FALLBACK,PENDIDIKAN,KKN,FORMAL_EDU_CONTEXT,NONE,UNIQUE,CANDIDATE,TECHNICAL_FALLBACK. No visual inspection performed.
409,IMG_8417.JPG,NGAJAR SMPN/NGAJAR SMP/IMG_8417.JPG,56.93,50,B-CANDIDATE,LOW,CONTEXT_FALLBACK,PENDIDIKAN,KKN,FORMAL_EDU_CONTEXT,NONE,UNIQUE,CANDIDATE,TECHNICAL_FALLBACK. No visual inspection performed.
410,IMG_8419.JPG,NGAJAR SMPN/NGAJAR SMP/IMG_8419.JPG,96.02,89,S-CANDIDATE,LOW,CONTEXT_FALLBACK,PENDIDIKAN,KKN,FORMAL_EDU_CONTEXT,NONE,UNIQUE,CANDIDATE,TECHNICAL_FALLBACK. No visual inspection performed.
411,IMG_8421.JPG,NGAJAR SMPN/NGAJAR SMP/IMG_8421.JPG,98.34,91,S-CANDIDATE,LOW,CONTEXT_FALLBACK,PENDIDIKAN,KKN,FORMAL_EDU_CONTEXT,NONE,UNIQUE,CANDIDATE,TECHNICAL_FALLBACK. No visual inspection performed.
412,IMG_8422.JPG,NGAJAR SMPN/NGAJAR SMP/IMG_8422.JPG,36.37,29,C-CANDIDATE,LOW,CONTEXT_FALLBACK,PENDIDIKAN,KKN,FORMAL_EDU_CONTEXT,NONE,UNIQUE,CANDIDATE,TECHNICAL_FALLBACK. No visual inspection performed.
413,IMG_8423.JPG,NGAJAR SMPN/NGAJAR SMP/IMG_8423.JPG,90.71,84,S-CANDIDATE,LOW,CONTEXT_FALLBACK,PENDIDIKAN,KKN,FORMAL_EDU_CONTEXT,NONE,UNIQUE,CANDIDATE,TECHNICAL_FALLBACK. No visual inspection performed.
414,IMG_8424.JPG,NGAJAR SMPN/NGAJAR SMP/IMG_8424.JPG,46.15,40,C-CANDIDATE,LOW,CONTEXT_FALLBACK,PENDIDIKAN,KKN,FORMAL_EDU_CONTEXT,NONE,UNIQUE,CANDIDATE,TECHNICAL_FALLBACK. No visual inspection performed.
415,IMG_8425.JPG,NGAJAR SMPN/NGAJAR SMP/IMG_8425.JPG,63.18,55,B-CANDIDATE,LOW,CONTEXT_FALLBACK,PENDIDIKAN,KKN,FORMAL_EDU_CONTEXT,NONE,UNIQUE,CANDIDATE,TECHNICAL_FALLBACK. No visual inspection performed.
416,IMG_8426.JPG,NGAJAR SMPN/NGAJAR SMP/IMG_8426.JPG,50.08,44,C-CANDIDATE,LOW,CONTEXT_FALLBACK,PENDIDIKAN,KKN,FORMAL_EDU_CONTEXT,NONE,UNIQUE,CANDIDATE,TECHNICAL_FALLBACK. No visual inspection performed.
417,IMG_8427.JPG,NGAJAR SMPN/NGAJAR SMP/IMG_8427.JPG,99.72,92,S-CANDIDATE,LOW,CONTEXT_FALLBACK,PENDIDIKAN,KKN,FORMAL_EDU_CONTEXT,NONE,UNIQUE,CANDIDATE,TECHNICAL_FALLBACK. No visual inspection performed.
418,IMG_8428.JPG,NGAJAR SMPN/NGAJAR SMP/IMG_8428.JPG,99.0,92,S-CANDIDATE,LOW,CONTEXT_FALLBACK,PENDIDIKAN,KKN,FORMAL_EDU_CONTEXT,NONE,UNIQUE,CANDIDATE,TECHNICAL_FALLBACK. No visual inspection performed.
419,IMG_8429.JPG,NGAJAR SMPN/NGAJAR SMP/IMG_8429.JPG,81.64,76,A-CANDIDATE,LOW,CONTEXT_FALLBACK,PENDIDIKAN,KKN,FORMAL_EDU_CONTEXT,NONE,UNIQUE,CANDIDATE,TECHNICAL_FALLBACK. No visual inspection performed.
420,IMG_8430.JPG,NGAJAR SMPN/NGAJAR SMP/IMG_8430.JPG,75.46,69,A-CANDIDATE,LOW,CONTEXT_FALLBACK,PENDIDIKAN,KKN,FORMAL_EDU_CONTEXT,NONE,UNIQUE,CANDIDATE,TECHNICAL_FALLBACK. No visual inspection performed.
421,IMG_8431.JPG,NGAJAR SMPN/NGAJAR SMP/IMG_8431.JPG,60.41,53,B-CANDIDATE,LOW,CONTEXT_FALLBACK,PENDIDIKAN,KKN,FORMAL_EDU_CONTEXT,NONE,UNIQUE,CANDIDATE,TECHNICAL_FALLBACK. No visual inspection performed.
422,IMG_8432.JPG,NGAJAR SMPN/NGAJAR SMP/IMG_8432.JPG,62.74,55,B-CANDIDATE,LOW,CONTEXT_FALLBACK,PENDIDIKAN,KKN,FORMAL_EDU_CONTEXT,NONE,UNIQUE,CANDIDATE,TECHNICAL_FALLBACK. No visual inspection performed.
423,IMG_8725.JPG,RANDOM/KAKAK-KAKAK/IMG_8725.JPG,81.48,76,A-CANDIDATE,LOW,CONTEXT_FALLBACK,GALLERY,HERO,GENERAL_CONTEXT,NONE,UNIQUE,CANDIDATE,TECHNICAL_FALLBACK. No visual inspection performed.
424,IMG_8732.JPG,RANDOM/KAKAK-KAKAK/IMG_8732.JPG,76.67,71,A-CANDIDATE,LOW,CONTEXT_FALLBACK,GALLERY,HERO,GENERAL_CONTEXT,NONE,UNIQUE,CANDIDATE,TECHNICAL_FALLBACK. No visual inspection performed.
425,IMG_8747.JPG,RANDOM/KAKAK-KAKAK/IMG_8747.JPG,23.88,20,REJECT-CANDIDATE,LOW,CONTEXT_FALLBACK,GALLERY,HERO,GENERAL_CONTEXT,NONE,UNIQUE,ARCHIVE,TECHNICAL_FALLBACK. No visual inspection performed.
426,IMG_8749.JPG,RANDOM/KAKAK-KAKAK/IMG_8749.JPG,9.1,16,REJECT-CANDIDATE,LOW,CONTEXT_FALLBACK,GALLERY,HERO,GENERAL_CONTEXT,NONE,UNIQUE,ARCHIVE,TECHNICAL_FALLBACK. No visual inspection performed.
427,IMG_8750.JPG,RANDOM/KAKAK-KAKAK/IMG_8750.JPG,-3.67,4,REJECT-CANDIDATE,LOW,CONTEXT_FALLBACK,GALLERY,HERO,GENERAL_CONTEXT,NONE,UNIQUE,ARCHIVE,TECHNICAL_FALLBACK. No visual inspection performed.
428,IMG_8753.JPG,RANDOM/KAKAK-KAKAK/IMG_8753.JPG,27.03,21,REJECT-CANDIDATE,LOW,CONTEXT_FALLBACK,GALLERY,HERO,GENERAL_CONTEXT,NONE,UNIQUE,ARCHIVE,TECHNICAL_FALLBACK. No visual inspection performed.
429,IMG_8754.JPG,RANDOM/KAKAK-KAKAK/IMG_8754.JPG,78.49,73,A-CANDIDATE,LOW,CONTEXT_FALLBACK,GALLERY,HERO,GENERAL_CONTEXT,NONE,UNIQUE,CANDIDATE,TECHNICAL_FALLBACK. No visual inspection performed.
430,IMG_8770.JPG,RANDOM/KAKAK-KAKAK/IMG_8770.JPG,101.21,93,S-CANDIDATE,LOW,CONTEXT_FALLBACK,HERO,GALLERY,GENERAL_CONTEXT,NONE,UNIQUE,CANDIDATE,TECHNICAL_FALLBACK. No visual inspection performed.
431,Salinan IMG_8756.JPG,RANDOM/KAKAK-KAKAK/Salinan IMG_8756.JPG,49.75,43,C-CANDIDATE,LOW,CONTEXT_FALLBACK,GALLERY,HERO,GENERAL_CONTEXT,NONE,UNIQUE,CANDIDATE,TECHNICAL_FALLBACK. No visual inspection performed.
432,Salinan IMG_8757.JPG,RANDOM/KAKAK-KAKAK/Salinan IMG_8757.JPG,87.78,81,A-CANDIDATE,LOW,CONTEXT_FALLBACK,HERO,GALLERY,GENERAL_CONTEXT,NONE,UNIQUE,CANDIDATE,TECHNICAL_FALLBACK. No visual inspection performed.
433,IMG_8778.JPG,RANDOM/TONIABLE/IMG_8778.JPG,33.88,26,C-CANDIDATE,LOW,CONTEXT_FALLBACK,GALLERY,HERO,GENERAL_CONTEXT,NONE,UNIQUE,CANDIDATE,TECHNICAL_FALLBACK. No visual inspection performed.
434,IMG_8779.JPG,RANDOM/TONIABLE/IMG_8779.JPG,33.88,26,C-CANDIDATE,LOW,CONTEXT_FALLBACK,GALLERY,HERO,GENERAL_CONTEXT,NONE,UNIQUE,CANDIDATE,TECHNICAL_FALLBACK. No visual inspection performed.
435,IMG_8780.JPG,RANDOM/TONIABLE/IMG_8780.JPG,101.21,93,S-CANDIDATE,LOW,CONTEXT_FALLBACK,HERO,GALLERY,GENERAL_CONTEXT,NONE,UNIQUE,CANDIDATE,TECHNICAL_FALLBACK. No visual inspection performed.
436,IMG_8782.JPG,RANDOM/TONIABLE/IMG_8782.JPG,98.06,91,S-CANDIDATE,LOW,CONTEXT_FALLBACK,HERO,GALLERY,GENERAL_CONTEXT,NONE,UNIQUE,CANDIDATE,TECHNICAL_FALLBACK. No visual inspection performed.
437,IMG_7388.JPG,SMPN 02 AIR PUTIH LBJ/KKN SMPN/IMG_7388.JPG,34.38,27,C-CANDIDATE,LOW,CONTEXT_FALLBACK,PENDIDIKAN,GALLERY,FORMAL_EDU_CONTEXT,NONE,UNIQUE,CANDIDATE,TECHNICAL_FALLBACK. No visual inspection performed.
438,IMG_7389.JPG,SMPN 02 AIR PUTIH LBJ/KKN SMPN/IMG_7389.JPG,37.36,30,C-CANDIDATE,LOW,CONTEXT_FALLBACK,PENDIDIKAN,GALLERY,FORMAL_EDU_CONTEXT,NONE,UNIQUE,CANDIDATE,TECHNICAL_FALLBACK. No visual inspection performed.
439,IMG_7391.JPG,SMPN 02 AIR PUTIH LBJ/KKN SMPN/IMG_7391.JPG,104.53,96,S-CANDIDATE,LOW,CONTEXT_FALLBACK,PENDIDIKAN,GALLERY,FORMAL_EDU_CONTEXT,NONE,UNIQUE,CANDIDATE,TECHNICAL_FALLBACK. No visual inspection performed.
440,IMG_7394.JPG,SMPN 02 AIR PUTIH LBJ/KKN SMPN/IMG_7394.JPG,42.79,36,C-CANDIDATE,LOW,CONTEXT_FALLBACK,PENDIDIKAN,GALLERY,FORMAL_EDU_CONTEXT,NONE,UNIQUE,CANDIDATE,TECHNICAL_FALLBACK. No visual inspection performed.
441,IMG_7557.JPG,SMPN 02 AIR PUTIH LBJ/KKN SMPN/IMG_7557.JPG,88.56,81,A-CANDIDATE,LOW,CONTEXT_FALLBACK,PENDIDIKAN,GALLERY,FORMAL_EDU_CONTEXT,NONE,UNIQUE,CANDIDATE,TECHNICAL_FALLBACK. No visual inspection performed.
442,IMG_7559.JPG,SMPN 02 AIR PUTIH LBJ/KKN SMPN/IMG_7559.JPG,108.34,99,S-CANDIDATE,LOW,CONTEXT_FALLBACK,PENDIDIKAN,GALLERY,FORMAL_EDU_CONTEXT,NONE,UNIQUE,CANDIDATE,TECHNICAL_FALLBACK. No visual inspection performed.
443,IMG_7564.JPG,SMPN 02 AIR PUTIH LBJ/KKN SMPN/IMG_7564.JPG,47.6,41,C-CANDIDATE,LOW,CONTEXT_FALLBACK,PENDIDIKAN,GALLERY,FORMAL_EDU_CONTEXT,NONE,UNIQUE,CANDIDATE,TECHNICAL_FALLBACK. No visual inspection performed.
444,IMG_7570.JPG,SMPN 02 AIR PUTIH LBJ/KKN SMPN/IMG_7570.JPG,63.02,55,B-CANDIDATE,LOW,CONTEXT_FALLBACK,PENDIDIKAN,GALLERY,FORMAL_EDU_CONTEXT,NONE,UNIQUE,CANDIDATE,TECHNICAL_FALLBACK. No visual inspection performed.
445,IMG_7571.JPG,SMPN 02 AIR PUTIH LBJ/KKN SMPN/IMG_7571.JPG,104.53,96,S-CANDIDATE,LOW,CONTEXT_FALLBACK,PENDIDIKAN,GALLERY,FORMAL_EDU_CONTEXT,NONE,UNIQUE,CANDIDATE,TECHNICAL_FALLBACK. No visual inspection performed.
446,IMG_7574.JPG,SMPN 02 AIR PUTIH LBJ/KKN SMPN/IMG_7574.JPG,39.35,32,C-CANDIDATE,LOW,CONTEXT_FALLBACK,PENDIDIKAN,GALLERY,FORMAL_EDU_CONTEXT,NONE,UNIQUE,CANDIDATE,TECHNICAL_FALLBACK. No visual inspection performed.
447,IMG_7575.JPG,SMPN 02 AIR PUTIH LBJ/KKN SMPN/IMG_7575.JPG,49.47,43,C-CANDIDATE,LOW,CONTEXT_FALLBACK,PENDIDIKAN,GALLERY,FORMAL_EDU_CONTEXT,NONE,UNIQUE,CANDIDATE,TECHNICAL_FALLBACK. No visual inspection performed.
448,IMG_7576.JPG,SMPN 02 AIR PUTIH LBJ/KKN SMPN/IMG_7576.JPG,47.15,41,C-CANDIDATE,LOW,CONTEXT_FALLBACK,PENDIDIKAN,GALLERY,FORMAL_EDU_CONTEXT,NONE,UNIQUE,CANDIDATE,TECHNICAL_FALLBACK. No visual inspection performed.
449,IMG_7577.JPG,SMPN 02 AIR PUTIH LBJ/KKN SMPN/IMG_7577.JPG,87.45,80,A-CANDIDATE,LOW,CONTEXT_FALLBACK,PENDIDIKAN,GALLERY,FORMAL_EDU_CONTEXT,NONE,UNIQUE,CANDIDATE,TECHNICAL_FALLBACK. No visual inspection performed.
450,IMG_7578.JPG,SMPN 02 AIR PUTIH LBJ/KKN SMPN/IMG_7578.JPG,85.12,78,A-CANDIDATE,LOW,CONTEXT_FALLBACK,PENDIDIKAN,GALLERY,FORMAL_EDU_CONTEXT,NONE,UNIQUE,CANDIDATE,TECHNICAL_FALLBACK. No visual inspection performed.
451,IMG_7579.JPG,SMPN 02 AIR PUTIH LBJ/KKN SMPN/IMG_7579.JPG,30.07,23,C-CANDIDATE,LOW,CONTEXT_FALLBACK,PENDIDIKAN,GALLERY,FORMAL_EDU_CONTEXT,NONE,UNIQUE,CANDIDATE,TECHNICAL_FALLBACK. No visual inspection performed.
452,IMG_7580.JPG,SMPN 02 AIR PUTIH LBJ/KKN SMPN/IMG_7580.JPG,83.3,77,A-CANDIDATE,LOW,CONTEXT_FALLBACK,PENDIDIKAN,GALLERY,FORMAL_EDU_CONTEXT,NONE,UNIQUE,CANDIDATE,TECHNICAL_FALLBACK. No visual inspection performed.
453,IMG_7582.JPG,SMPN 02 AIR PUTIH LBJ/KKN SMPN/IMG_7582.JPG,95.57,88,S-CANDIDATE,LOW,CONTEXT_FALLBACK,PENDIDIKAN,GALLERY,FORMAL_EDU_CONTEXT,NONE,UNIQUE,CANDIDATE,TECHNICAL_FALLBACK. No visual inspection performed.
454,IMG_7583.JPG,SMPN 02 AIR PUTIH LBJ/KKN SMPN/IMG_7583.JPG,64.23,57,B-CANDIDATE,LOW,CONTEXT_FALLBACK,PENDIDIKAN,GALLERY,FORMAL_EDU_CONTEXT,NONE,UNIQUE,CANDIDATE,TECHNICAL_FALLBACK. No visual inspection performed.
455,IMG_7584.JPG,SMPN 02 AIR PUTIH LBJ/KKN SMPN/IMG_7584.JPG,87.45,80,A-CANDIDATE,LOW,CONTEXT_FALLBACK,PENDIDIKAN,GALLERY,FORMAL_EDU_CONTEXT,NONE,UNIQUE,CANDIDATE,TECHNICAL_FALLBACK. No visual inspection performed.
456,IMG_7585.JPG,SMPN 02 AIR PUTIH LBJ/KKN SMPN/IMG_7585.JPG,34.05,27,C-CANDIDATE,LOW,CONTEXT_FALLBACK,PENDIDIKAN,GALLERY,FORMAL_EDU_CONTEXT,NONE,UNIQUE,CANDIDATE,TECHNICAL_FALLBACK. No visual inspection performed.
457,IMG_7586.JPG,SMPN 02 AIR PUTIH LBJ/KKN SMPN/IMG_7586.JPG,109.5,100,S-CANDIDATE,LOW,CONTEXT_FALLBACK,PENDIDIKAN,GALLERY,FORMAL_EDU_CONTEXT,NONE,UNIQUE,CANDIDATE,TECHNICAL_FALLBACK. No visual inspection performed.
458,IMG_7587.JPG,SMPN 02 AIR PUTIH LBJ/KKN SMPN/IMG_7587.JPG,79.65,74,A-CANDIDATE,LOW,CONTEXT_FALLBACK,PENDIDIKAN,GALLERY,FORMAL_EDU_CONTEXT,NONE,UNIQUE,CANDIDATE,TECHNICAL_FALLBACK. No visual inspection performed.
459,IMG_7589.JPG,SMPN 02 AIR PUTIH LBJ/KKN SMPN/IMG_7589.JPG,-9.2,1,REJECT-CANDIDATE,LOW,CONTEXT_FALLBACK,PENDIDIKAN,GALLERY,FORMAL_EDU_CONTEXT,NONE,UNIQUE,ARCHIVE,TECHNICAL_FALLBACK. No visual inspection performed.
460,IMG_7590.JPG,SMPN 02 AIR PUTIH LBJ/KKN SMPN/IMG_7590.JPG,-1.52,6,REJECT-CANDIDATE,LOW,CONTEXT_FALLBACK,PENDIDIKAN,GALLERY,FORMAL_EDU_CONTEXT,NONE,UNIQUE,ARCHIVE,TECHNICAL_FALLBACK. No visual inspection performed.
461,IMG_7591.JPG,SMPN 02 AIR PUTIH LBJ/KKN SMPN/IMG_7591.JPG,77.16,71,A-CANDIDATE,LOW,CONTEXT_FALLBACK,PENDIDIKAN,GALLERY,FORMAL_EDU_CONTEXT,NONE,UNIQUE,CANDIDATE,TECHNICAL_FALLBACK. No visual inspection performed.
462,IMG_7592.JPG,SMPN 02 AIR PUTIH LBJ/KKN SMPN/IMG_7592.JPG,10.26,16,REJECT-CANDIDATE,LOW,CONTEXT_FALLBACK,PENDIDIKAN,GALLERY,FORMAL_EDU_CONTEXT,NONE,UNIQUE,ARCHIVE,TECHNICAL_FALLBACK. No visual inspection performed.
463,IMG_7593.JPG,SMPN 02 AIR PUTIH LBJ/KKN SMPN/IMG_7593.JPG,40.13,33,C-CANDIDATE,LOW,CONTEXT_FALLBACK,PENDIDIKAN,GALLERY,FORMAL_EDU_CONTEXT,NONE,UNIQUE,CANDIDATE,TECHNICAL_FALLBACK. No visual inspection performed.
464,IMG_7594.JPG,SMPN 02 AIR PUTIH LBJ/KKN SMPN/IMG_7594.JPG,72.69,66,B-CANDIDATE,LOW,CONTEXT_FALLBACK,PENDIDIKAN,GALLERY,FORMAL_EDU_CONTEXT,NONE,UNIQUE,CANDIDATE,TECHNICAL_FALLBACK. No visual inspection performed.
465,IMG_7595.JPG,SMPN 02 AIR PUTIH LBJ/KKN SMPN/IMG_7595.JPG,5.61,13,REJECT-CANDIDATE,LOW,CONTEXT_FALLBACK,PENDIDIKAN,GALLERY,FORMAL_EDU_CONTEXT,NONE,UNIQUE,ARCHIVE,TECHNICAL_FALLBACK. No visual inspection performed.
466,IMG_7597.JPG,SMPN 02 AIR PUTIH LBJ/KKN SMPN/IMG_7597.JPG,-10.36,1,REJECT-CANDIDATE,LOW,CONTEXT_FALLBACK,PENDIDIKAN,GALLERY,FORMAL_EDU_CONTEXT,NONE,UNIQUE,ARCHIVE,TECHNICAL_FALLBACK. No visual inspection performed.
467,IMG_7599.JPG,SMPN 02 AIR PUTIH LBJ/KKN SMPN/IMG_7599.JPG,87.56,80,A-CANDIDATE,LOW,CONTEXT_FALLBACK,PENDIDIKAN,GALLERY,FORMAL_EDU_CONTEXT,NONE,UNIQUE,CANDIDATE,TECHNICAL_FALLBACK. No visual inspection performed.
468,IMG_7600.JPG,SMPN 02 AIR PUTIH LBJ/KKN SMPN/IMG_7600.JPG,48.92,42,C-CANDIDATE,LOW,CONTEXT_FALLBACK,PENDIDIKAN,GALLERY,FORMAL_EDU_CONTEXT,NONE,UNIQUE,CANDIDATE,TECHNICAL_FALLBACK. No visual inspection performed.
469,IMG_7601.JPG,SMPN 02 AIR PUTIH LBJ/KKN SMPN/IMG_7601.JPG,34.21,27,C-CANDIDATE,LOW,CONTEXT_FALLBACK,PENDIDIKAN,GALLERY,FORMAL_EDU_CONTEXT,NONE,UNIQUE,CANDIDATE,TECHNICAL_FALLBACK. No visual inspection performed.
470,IMG_7602(1).JPG,SMPN 02 AIR PUTIH LBJ/KKN SMPN/IMG_7602(1).JPG,41.18,35,C-CANDIDATE,LOW,CONTEXT_FALLBACK,PENDIDIKAN,GALLERY,FORMAL_EDU_CONTEXT,DG-009,SIMILAR_CANDIDATE,CANDIDATE,TECHNICAL_FALLBACK. No visual inspection performed.
471,IMG_7602.JPG,SMPN 02 AIR PUTIH LBJ/KKN SMPN/IMG_7602.JPG,93.08,86,S-CANDIDATE,LOW,CONTEXT_FALLBACK,PENDIDIKAN,GALLERY,FORMAL_EDU_CONTEXT,DG-009,MASTER_CANDIDATE,CANDIDATE,TECHNICAL_FALLBACK. No visual inspection performed.
472,IMG_7603.JPG,SMPN 02 AIR PUTIH LBJ/KKN SMPN/IMG_7603.JPG,45.11,39,C-CANDIDATE,LOW,CONTEXT_FALLBACK,PENDIDIKAN,GALLERY,FORMAL_EDU_CONTEXT,NONE,UNIQUE,CANDIDATE,TECHNICAL_FALLBACK. No visual inspection performed.
473,IMG_7604.JPG,SMPN 02 AIR PUTIH LBJ/KKN SMPN/IMG_7604.JPG,46.1,40,C-CANDIDATE,LOW,CONTEXT_FALLBACK,PENDIDIKAN,GALLERY,FORMAL_EDU_CONTEXT,NONE,UNIQUE,CANDIDATE,TECHNICAL_FALLBACK. No visual inspection performed.
474,IMG_7605.JPG,SMPN 02 AIR PUTIH LBJ/KKN SMPN/IMG_7605.JPG,87.56,80,A-CANDIDATE,LOW,CONTEXT_FALLBACK,PENDIDIKAN,GALLERY,FORMAL_EDU_CONTEXT,NONE,UNIQUE,CANDIDATE,TECHNICAL_FALLBACK. No visual inspection performed.
475,IMG_7606.JPG,SMPN 02 AIR PUTIH LBJ/KKN SMPN/IMG_7606.JPG,8.43,15,REJECT-CANDIDATE,LOW,CONTEXT_FALLBACK,PENDIDIKAN,GALLERY,FORMAL_EDU_CONTEXT,NONE,UNIQUE,ARCHIVE,TECHNICAL_FALLBACK. No visual inspection performed.
476,IMG_7607.JPG,SMPN 02 AIR PUTIH LBJ/KKN SMPN/IMG_7607.JPG,40.35,34,C-CANDIDATE,LOW,CONTEXT_FALLBACK,PENDIDIKAN,GALLERY,FORMAL_EDU_CONTEXT,NONE,UNIQUE,CANDIDATE,TECHNICAL_FALLBACK. No visual inspection performed.
477,IMG_7608.JPG,SMPN 02 AIR PUTIH LBJ/KKN SMPN/IMG_7608.JPG,109.5,100,S-CANDIDATE,LOW,CONTEXT_FALLBACK,PENDIDIKAN,GALLERY,FORMAL_EDU_CONTEXT,NONE,UNIQUE,CANDIDATE,TECHNICAL_FALLBACK. No visual inspection performed.
478,IMG_7609.JPG,SMPN 02 AIR PUTIH LBJ/KKN SMPN/IMG_7609.JPG,65.34,58,B-CANDIDATE,LOW,CONTEXT_FALLBACK,PENDIDIKAN,GALLERY,FORMAL_EDU_CONTEXT,NONE,UNIQUE,CANDIDATE,TECHNICAL_FALLBACK. No visual inspection performed.
479,IMG_7613(1).JPG,SMPN 02 AIR PUTIH LBJ/KKN SMPN/IMG_7613(1).JPG,69.37,62,B-CANDIDATE,LOW,CONTEXT_FALLBACK,PENDIDIKAN,GALLERY,FORMAL_EDU_CONTEXT,DG-010,MASTER_CANDIDATE,CANDIDATE,TECHNICAL_FALLBACK. No visual inspection performed.
480,IMG_7613.JPG,SMPN 02 AIR PUTIH LBJ/KKN SMPN/IMG_7613.JPG,76.62,70,A-CANDIDATE,LOW,CONTEXT_FALLBACK,PENDIDIKAN,GALLERY,FORMAL_EDU_CONTEXT,DG-010,SIMILAR_CANDIDATE,CANDIDATE,TECHNICAL_FALLBACK. No visual inspection performed.
481,IMG_7616.JPG,SMPN 02 AIR PUTIH LBJ/KKN SMPN/IMG_7616.JPG,70.81,64,B-CANDIDATE,LOW,CONTEXT_FALLBACK,PENDIDIKAN,GALLERY,FORMAL_EDU_CONTEXT,NONE,UNIQUE,CANDIDATE,TECHNICAL_FALLBACK. No visual inspection performed.
482,IMG_7617.JPG,SMPN 02 AIR PUTIH LBJ/KKN SMPN/IMG_7617.JPG,38.97,32,C-CANDIDATE,LOW,CONTEXT_FALLBACK,PENDIDIKAN,GALLERY,FORMAL_EDU_CONTEXT,NONE,UNIQUE,CANDIDATE,TECHNICAL_FALLBACK. No visual inspection performed.
483,IMG_7618.JPG,SMPN 02 AIR PUTIH LBJ/KKN SMPN/IMG_7618.JPG,63.23,55,B-CANDIDATE,LOW,CONTEXT_FALLBACK,PENDIDIKAN,GALLERY,FORMAL_EDU_CONTEXT,NONE,UNIQUE,CANDIDATE,TECHNICAL_FALLBACK. No visual inspection performed.
484,IMG_7619.JPG,SMPN 02 AIR PUTIH LBJ/KKN SMPN/IMG_7619.JPG,106.35,97,S-CANDIDATE,LOW,CONTEXT_FALLBACK,PENDIDIKAN,GALLERY,FORMAL_EDU_CONTEXT,NONE,UNIQUE,CANDIDATE,TECHNICAL_FALLBACK. No visual inspection performed.
485,IMG_7620.JPG,SMPN 02 AIR PUTIH LBJ/KKN SMPN/IMG_7620.JPG,-6.38,2,REJECT-CANDIDATE,LOW,CONTEXT_FALLBACK,PENDIDIKAN,GALLERY,FORMAL_EDU_CONTEXT,NONE,UNIQUE,ARCHIVE,TECHNICAL_FALLBACK. No visual inspection performed.
486,IMG_7622.JPG,SMPN 02 AIR PUTIH LBJ/KKN SMPN/IMG_7622.JPG,102.87,95,S-CANDIDATE,LOW,CONTEXT_FALLBACK,PENDIDIKAN,GALLERY,FORMAL_EDU_CONTEXT,NONE,UNIQUE,CANDIDATE,TECHNICAL_FALLBACK. No visual inspection performed.
487,IMG_7625.JPG,SMPN 02 AIR PUTIH LBJ/KKN SMPN/IMG_7625.JPG,36.37,29,C-CANDIDATE,LOW,CONTEXT_FALLBACK,PENDIDIKAN,GALLERY,FORMAL_EDU_CONTEXT,NONE,UNIQUE,CANDIDATE,TECHNICAL_FALLBACK. No visual inspection performed.
488,IMG_7626.JPG,SMPN 02 AIR PUTIH LBJ/KKN SMPN/IMG_7626.JPG,64.73,57,B-CANDIDATE,LOW,CONTEXT_FALLBACK,PENDIDIKAN,GALLERY,FORMAL_EDU_CONTEXT,NONE,UNIQUE,CANDIDATE,TECHNICAL_FALLBACK. No visual inspection performed.
489,IMG_7628.JPG,SMPN 02 AIR PUTIH LBJ/KKN SMPN/IMG_7628.JPG,93.42,86,S-CANDIDATE,LOW,CONTEXT_FALLBACK,PENDIDIKAN,GALLERY,FORMAL_EDU_CONTEXT,NONE,UNIQUE,CANDIDATE,TECHNICAL_FALLBACK. No visual inspection performed.
490,IMG_7629.JPG,SMPN 02 AIR PUTIH LBJ/KKN SMPN/IMG_7629.JPG,98.56,91,S-CANDIDATE,LOW,CONTEXT_FALLBACK,PENDIDIKAN,GALLERY,FORMAL_EDU_CONTEXT,NONE,UNIQUE,CANDIDATE,TECHNICAL_FALLBACK. No visual inspection performed.
491,IMG_7630.JPG,SMPN 02 AIR PUTIH LBJ/KKN SMPN/IMG_7630.JPG,74.34,68,B-CANDIDATE,LOW,CONTEXT_FALLBACK,PENDIDIKAN,GALLERY,FORMAL_EDU_CONTEXT,NONE,UNIQUE,CANDIDATE,TECHNICAL_FALLBACK. No visual inspection performed.
492,IMG_7631.JPG,SMPN 02 AIR PUTIH LBJ/KKN SMPN/IMG_7631.JPG,-2.73,4,REJECT-CANDIDATE,LOW,CONTEXT_FALLBACK,PENDIDIKAN,GALLERY,FORMAL_EDU_CONTEXT,NONE,UNIQUE,ARCHIVE,TECHNICAL_FALLBACK. No visual inspection performed.
493,IMG_7632.JPG,SMPN 02 AIR PUTIH LBJ/KKN SMPN/IMG_7632.JPG,9.93,16,REJECT-CANDIDATE,LOW,CONTEXT_FALLBACK,PENDIDIKAN,GALLERY,FORMAL_EDU_CONTEXT,NONE,UNIQUE,ARCHIVE,TECHNICAL_FALLBACK. No visual inspection performed.
494,IMG_7633.JPG,SMPN 02 AIR PUTIH LBJ/KKN SMPN/IMG_7633.JPG,32.22,25,C-CANDIDATE,LOW,CONTEXT_FALLBACK,PENDIDIKAN,GALLERY,FORMAL_EDU_CONTEXT,NONE,UNIQUE,CANDIDATE,TECHNICAL_FALLBACK. No visual inspection performed.
495,IMG_7634.JPG,SMPN 02 AIR PUTIH LBJ/KKN SMPN/IMG_7634.JPG,89.6,83,A-CANDIDATE,LOW,CONTEXT_FALLBACK,PENDIDIKAN,GALLERY,FORMAL_EDU_CONTEXT,NONE,UNIQUE,CANDIDATE,TECHNICAL_FALLBACK. No visual inspection performed.
496,IMG_7635.JPG,SMPN 02 AIR PUTIH LBJ/KKN SMPN/IMG_7635.JPG,43.17,37,C-CANDIDATE,LOW,CONTEXT_FALLBACK,PENDIDIKAN,GALLERY,FORMAL_EDU_CONTEXT,NONE,UNIQUE,CANDIDATE,TECHNICAL_FALLBACK. No visual inspection performed.
497,IMG_7636.JPG,SMPN 02 AIR PUTIH LBJ/KKN SMPN/IMG_7636.JPG,26.7,21,REJECT-CANDIDATE,LOW,CONTEXT_FALLBACK,PENDIDIKAN,GALLERY,FORMAL_EDU_CONTEXT,NONE,UNIQUE,ARCHIVE,TECHNICAL_FALLBACK. No visual inspection performed.
498,IMG_7638.JPG,SMPN 02 AIR PUTIH LBJ/KKN SMPN/IMG_7638.JPG,74.96,68,B-CANDIDATE,LOW,CONTEXT_FALLBACK,PENDIDIKAN,GALLERY,FORMAL_EDU_CONTEXT,NONE,UNIQUE,CANDIDATE,TECHNICAL_FALLBACK. No visual inspection performed.
499,IMG_7640.JPG,SMPN 02 AIR PUTIH LBJ/KKN SMPN/IMG_7640.JPG,46.65,40,C-CANDIDATE,LOW,CONTEXT_FALLBACK,PENDIDIKAN,GALLERY,FORMAL_EDU_CONTEXT,NONE,UNIQUE,CANDIDATE,TECHNICAL_FALLBACK. No visual inspection performed.
500,IMG_7642.JPG,SMPN 02 AIR PUTIH LBJ/KKN SMPN/IMG_7642.JPG,47.43,41,C-CANDIDATE,LOW,CONTEXT_FALLBACK,PENDIDIKAN,GALLERY,FORMAL_EDU_CONTEXT,NONE,UNIQUE,CANDIDATE,TECHNICAL_FALLBACK. No visual inspection performed.
501,IMG_7643.JPG,SMPN 02 AIR PUTIH LBJ/KKN SMPN/IMG_7643.JPG,52.74,46,C-CANDIDATE,LOW,CONTEXT_FALLBACK,PENDIDIKAN,GALLERY,FORMAL_EDU_CONTEXT,NONE,UNIQUE,CANDIDATE,TECHNICAL_FALLBACK. No visual inspection performed.
502,IMG_7644.JPG,SMPN 02 AIR PUTIH LBJ/KKN SMPN/IMG_7644.JPG,43.83,37,C-CANDIDATE,LOW,CONTEXT_FALLBACK,PENDIDIKAN,GALLERY,FORMAL_EDU_CONTEXT,NONE,UNIQUE,CANDIDATE,TECHNICAL_FALLBACK. No visual inspection performed.
503,IMG_7645.JPG,SMPN 02 AIR PUTIH LBJ/KKN SMPN/IMG_7645.JPG,13.57,19,REJECT-CANDIDATE,LOW,CONTEXT_FALLBACK,PENDIDIKAN,GALLERY,FORMAL_EDU_CONTEXT,NONE,UNIQUE,ARCHIVE,TECHNICAL_FALLBACK. No visual inspection performed.
504,IMG_7646.JPG,SMPN 02 AIR PUTIH LBJ/KKN SMPN/IMG_7646.JPG,59.2,52,B-CANDIDATE,LOW,CONTEXT_FALLBACK,PENDIDIKAN,GALLERY,FORMAL_EDU_CONTEXT,NONE,UNIQUE,CANDIDATE,TECHNICAL_FALLBACK. No visual inspection performed.
505,IMG_7647.JPG,SMPN 02 AIR PUTIH LBJ/KKN SMPN/IMG_7647.JPG,36.7,30,C-CANDIDATE,LOW,CONTEXT_FALLBACK,PENDIDIKAN,GALLERY,FORMAL_EDU_CONTEXT,NONE,UNIQUE,CANDIDATE,TECHNICAL_FALLBACK. No visual inspection performed.
506,IMG_7650.JPG,SMPN 02 AIR PUTIH LBJ/KKN SMPN/IMG_7650.JPG,98.56,91,S-CANDIDATE,LOW,CONTEXT_FALLBACK,PENDIDIKAN,GALLERY,FORMAL_EDU_CONTEXT,NONE,UNIQUE,CANDIDATE,TECHNICAL_FALLBACK. No visual inspection performed.
507,IMG_7651.JPG,SMPN 02 AIR PUTIH LBJ/KKN SMPN/IMG_7651.JPG,63.57,56,B-CANDIDATE,LOW,CONTEXT_FALLBACK,PENDIDIKAN,GALLERY,FORMAL_EDU_CONTEXT,NONE,UNIQUE,CANDIDATE,TECHNICAL_FALLBACK. No visual inspection performed.
508,IMG_7652.JPG,SMPN 02 AIR PUTIH LBJ/KKN SMPN/IMG_7652.JPG,63.23,56,B-CANDIDATE,LOW,CONTEXT_FALLBACK,PENDIDIKAN,GALLERY,FORMAL_EDU_CONTEXT,NONE,UNIQUE,CANDIDATE,TECHNICAL_FALLBACK. No visual inspection performed.
509,IMG_7653.JPG,SMPN 02 AIR PUTIH LBJ/KKN SMPN/IMG_7653.JPG,70.53,64,B-CANDIDATE,LOW,CONTEXT_FALLBACK,PENDIDIKAN,GALLERY,FORMAL_EDU_CONTEXT,NONE,UNIQUE,CANDIDATE,TECHNICAL_FALLBACK. No visual inspection performed.
510,IMG_7654.JPG,SMPN 02 AIR PUTIH LBJ/KKN SMPN/IMG_7654.JPG,42.84,36,C-CANDIDATE,LOW,CONTEXT_FALLBACK,PENDIDIKAN,GALLERY,FORMAL_EDU_CONTEXT,NONE,UNIQUE,CANDIDATE,TECHNICAL_FALLBACK. No visual inspection performed.
511,IMG_7655.JPG,SMPN 02 AIR PUTIH LBJ/KKN SMPN/IMG_7655.JPG,83.75,77,A-CANDIDATE,LOW,CONTEXT_FALLBACK,PENDIDIKAN,GALLERY,FORMAL_EDU_CONTEXT,NONE,UNIQUE,CANDIDATE,TECHNICAL_FALLBACK. No visual inspection performed.
512,IMG_7656(1).JPG,SMPN 02 AIR PUTIH LBJ/KKN SMPN/IMG_7656(1).JPG,83.63,77,A-CANDIDATE,LOW,CONTEXT_FALLBACK,PENDIDIKAN,GALLERY,FORMAL_EDU_CONTEXT,DG-011,MASTER_CANDIDATE,CANDIDATE,TECHNICAL_FALLBACK. No visual inspection performed.
513,IMG_7656.JPG,SMPN 02 AIR PUTIH LBJ/KKN SMPN/IMG_7656.JPG,38.86,32,C-CANDIDATE,LOW,CONTEXT_FALLBACK,PENDIDIKAN,GALLERY,FORMAL_EDU_CONTEXT,DG-011,SIMILAR_CANDIDATE,CANDIDATE,TECHNICAL_FALLBACK. No visual inspection performed.
514,IMG_7657.JPG,SMPN 02 AIR PUTIH LBJ/KKN SMPN/IMG_7657.JPG,61.74,54,B-CANDIDATE,LOW,CONTEXT_FALLBACK,PENDIDIKAN,GALLERY,FORMAL_EDU_CONTEXT,NONE,UNIQUE,CANDIDATE,TECHNICAL_FALLBACK. No visual inspection performed.
515,IMG_7658.JPG,SMPN 02 AIR PUTIH LBJ/KKN SMPN/IMG_7658.JPG,96.73,90,S-CANDIDATE,LOW,CONTEXT_FALLBACK,PENDIDIKAN,GALLERY,FORMAL_EDU_CONTEXT,NONE,UNIQUE,CANDIDATE,TECHNICAL_FALLBACK. No visual inspection performed.
516,IMG_7659.JPG,SMPN 02 AIR PUTIH LBJ/KKN SMPN/IMG_7659.JPG,110.0,100,S-CANDIDATE,LOW,CONTEXT_FALLBACK,PENDIDIKAN,GALLERY,FORMAL_EDU_CONTEXT,NONE,UNIQUE,CANDIDATE,TECHNICAL_FALLBACK. No visual inspection performed.
517,IMG_7664.JPG,SMPN 02 AIR PUTIH LBJ/KKN SMPN/IMG_7664.JPG,93.75,86,S-CANDIDATE,LOW,CONTEXT_FALLBACK,PENDIDIKAN,GALLERY,FORMAL_EDU_CONTEXT,NONE,UNIQUE,CANDIDATE,TECHNICAL_FALLBACK. No visual inspection performed.
518,IMG_7665.JPG,SMPN 02 AIR PUTIH LBJ/KKN SMPN/IMG_7665.JPG,53.12,47,C-CANDIDATE,LOW,CONTEXT_FALLBACK,PENDIDIKAN,GALLERY,FORMAL_EDU_CONTEXT,NONE,UNIQUE,CANDIDATE,TECHNICAL_FALLBACK. No visual inspection performed.
519,IMG_7666.JPG,SMPN 02 AIR PUTIH LBJ/KKN SMPN/IMG_7666.JPG,8.76,15,REJECT-CANDIDATE,LOW,CONTEXT_FALLBACK,PENDIDIKAN,GALLERY,FORMAL_EDU_CONTEXT,NONE,UNIQUE,ARCHIVE,TECHNICAL_FALLBACK. No visual inspection performed.
520,IMG_7668.JPG,SMPN 02 AIR PUTIH LBJ/KKN SMPN/IMG_7668.JPG,2.91,10,REJECT-CANDIDATE,LOW,CONTEXT_FALLBACK,PENDIDIKAN,GALLERY,FORMAL_EDU_CONTEXT,NONE,UNIQUE,ARCHIVE,TECHNICAL_FALLBACK. No visual inspection performed.
521,IMG_7669.JPG,SMPN 02 AIR PUTIH LBJ/KKN SMPN/IMG_7669.JPG,41.84,35,C-CANDIDATE,LOW,CONTEXT_FALLBACK,PENDIDIKAN,GALLERY,FORMAL_EDU_CONTEXT,NONE,UNIQUE,CANDIDATE,TECHNICAL_FALLBACK. No visual inspection performed.
522,IMG_7670.JPG,SMPN 02 AIR PUTIH LBJ/KKN SMPN/IMG_7670.JPG,64.23,57,B-CANDIDATE,LOW,CONTEXT_FALLBACK,PENDIDIKAN,GALLERY,FORMAL_EDU_CONTEXT,NONE,UNIQUE,CANDIDATE,TECHNICAL_FALLBACK. No visual inspection performed.
523,IMG_7671.JPG,SMPN 02 AIR PUTIH LBJ/KKN SMPN/IMG_7671.JPG,103.37,95,S-CANDIDATE,LOW,CONTEXT_FALLBACK,PENDIDIKAN,GALLERY,FORMAL_EDU_CONTEXT,NONE,UNIQUE,CANDIDATE,TECHNICAL_FALLBACK. No visual inspection performed.
524,IMG_7673.JPG,SMPN 02 AIR PUTIH LBJ/KKN SMPN/IMG_7673.JPG,67.88,60,B-CANDIDATE,LOW,CONTEXT_FALLBACK,PENDIDIKAN,GALLERY,FORMAL_EDU_CONTEXT,NONE,UNIQUE,CANDIDATE,TECHNICAL_FALLBACK. No visual inspection performed.
525,IMG_7674.JPG,SMPN 02 AIR PUTIH LBJ/KKN SMPN/IMG_7674.JPG,91.43,84,S-CANDIDATE,LOW,CONTEXT_FALLBACK,PENDIDIKAN,GALLERY,FORMAL_EDU_CONTEXT,NONE,UNIQUE,CANDIDATE,TECHNICAL_FALLBACK. No visual inspection performed.
526,IMG_7675.JPG,SMPN 02 AIR PUTIH LBJ/KKN SMPN/IMG_7675.JPG,11.92,17,REJECT-CANDIDATE,LOW,CONTEXT_FALLBACK,PENDIDIKAN,GALLERY,FORMAL_EDU_CONTEXT,NONE,UNIQUE,ARCHIVE,TECHNICAL_FALLBACK. No visual inspection performed.
527,IMG_7676.JPG,SMPN 02 AIR PUTIH LBJ/KKN SMPN/IMG_7676.JPG,13.74,19,REJECT-CANDIDATE,LOW,CONTEXT_FALLBACK,PENDIDIKAN,GALLERY,FORMAL_EDU_CONTEXT,NONE,UNIQUE,ARCHIVE,TECHNICAL_FALLBACK. No visual inspection performed.
528,IMG_7677.JPG,SMPN 02 AIR PUTIH LBJ/KKN SMPN/IMG_7677.JPG,89.27,82,A-CANDIDATE,LOW,CONTEXT_FALLBACK,PENDIDIKAN,GALLERY,FORMAL_EDU_CONTEXT,NONE,UNIQUE,CANDIDATE,TECHNICAL_FALLBACK. No visual inspection performed.
529,IMG_7678.JPG,SMPN 02 AIR PUTIH LBJ/KKN SMPN/IMG_7678.JPG,73.8,67,B-CANDIDATE,LOW,CONTEXT_FALLBACK,PENDIDIKAN,GALLERY,FORMAL_EDU_CONTEXT,NONE,UNIQUE,CANDIDATE,TECHNICAL_FALLBACK. No visual inspection performed.
530,IMG_7680(1).JPG,SMPN 02 AIR PUTIH LBJ/KKN SMPN/IMG_7680(1).JPG,56.1,49,B-CANDIDATE,LOW,CONTEXT_FALLBACK,PENDIDIKAN,GALLERY,FORMAL_EDU_CONTEXT,DG-012,MASTER_CANDIDATE,CANDIDATE,TECHNICAL_FALLBACK. No visual inspection performed.
531,IMG_7680.JPG,SMPN 02 AIR PUTIH LBJ/KKN SMPN/IMG_7680.JPG,52.9,46,C-CANDIDATE,LOW,CONTEXT_FALLBACK,PENDIDIKAN,GALLERY,FORMAL_EDU_CONTEXT,DG-012,SIMILAR_CANDIDATE,CANDIDATE,TECHNICAL_FALLBACK. No visual inspection performed.
532,IMG_7681.JPG,SMPN 02 AIR PUTIH LBJ/KKN SMPN/IMG_7681.JPG,78.16,72,A-CANDIDATE,LOW,CONTEXT_FALLBACK,PENDIDIKAN,GALLERY,FORMAL_EDU_CONTEXT,NONE,UNIQUE,CANDIDATE,TECHNICAL_FALLBACK. No visual inspection performed.
533,IMG_7683(1).JPG,SMPN 02 AIR PUTIH LBJ/KKN SMPN/IMG_7683(1).JPG,107.84,99,S-CANDIDATE,LOW,CONTEXT_FALLBACK,PENDIDIKAN,GALLERY,FORMAL_EDU_CONTEXT,DG-013,MASTER_CANDIDATE,CANDIDATE,TECHNICAL_FALLBACK. No visual inspection performed.
534,IMG_7683.JPG,SMPN 02 AIR PUTIH LBJ/KKN SMPN/IMG_7683.JPG,105.69,97,S-CANDIDATE,LOW,CONTEXT_FALLBACK,PENDIDIKAN,GALLERY,FORMAL_EDU_CONTEXT,DG-013,SIMILAR_CANDIDATE,CANDIDATE,TECHNICAL_FALLBACK. No visual inspection performed.
535,IMG_7684(1).JPG,SMPN 02 AIR PUTIH LBJ/KKN SMPN/IMG_7684(1).JPG,49.97,44,C-CANDIDATE,LOW,CONTEXT_FALLBACK,PENDIDIKAN,GALLERY,FORMAL_EDU_CONTEXT,DG-013,SIMILAR_CANDIDATE,CANDIDATE,TECHNICAL_FALLBACK. No visual inspection performed.
536,IMG_7684.JPG,SMPN 02 AIR PUTIH LBJ/KKN SMPN/IMG_7684.JPG,70.32,63,B-CANDIDATE,LOW,CONTEXT_FALLBACK,PENDIDIKAN,GALLERY,FORMAL_EDU_CONTEXT,DG-013,SIMILAR_CANDIDATE,CANDIDATE,TECHNICAL_FALLBACK. No visual inspection performed.
537,IMG_7685.JPG,SMPN 02 AIR PUTIH LBJ/KKN SMPN/IMG_7685.JPG,39.35,32,C-CANDIDATE,LOW,CONTEXT_FALLBACK,PENDIDIKAN,GALLERY,FORMAL_EDU_CONTEXT,NONE,UNIQUE,CANDIDATE,TECHNICAL_FALLBACK. No visual inspection performed.
538,IMG_7689.JPG,SMPN 02 AIR PUTIH LBJ/KKN SMPN/IMG_7689.JPG,-0.85,6,REJECT-CANDIDATE,LOW,CONTEXT_FALLBACK,PENDIDIKAN,GALLERY,FORMAL_EDU_CONTEXT,NONE,UNIQUE,ARCHIVE,TECHNICAL_FALLBACK. No visual inspection performed.
539,IMG_7691(1).JPG,SMPN 02 AIR PUTIH LBJ/KKN SMPN/IMG_7691(1).JPG,55.27,49,B-CANDIDATE,LOW,CONTEXT_FALLBACK,PENDIDIKAN,GALLERY,FORMAL_EDU_CONTEXT,DG-014,SIMILAR_CANDIDATE,CANDIDATE,TECHNICAL_FALLBACK. No visual inspection performed.
540,IMG_7691.JPG,SMPN 02 AIR PUTIH LBJ/KKN SMPN/IMG_7691.JPG,56.6,50,B-CANDIDATE,LOW,CONTEXT_FALLBACK,PENDIDIKAN,GALLERY,FORMAL_EDU_CONTEXT,DG-014,MASTER_CANDIDATE,CANDIDATE,TECHNICAL_FALLBACK. No visual inspection performed.
541,IMG_7692.JPG,SMPN 02 AIR PUTIH LBJ/KKN SMPN/IMG_7692.JPG,38.36,31,C-CANDIDATE,LOW,CONTEXT_FALLBACK,PENDIDIKAN,GALLERY,FORMAL_EDU_CONTEXT,NONE,UNIQUE,CANDIDATE,TECHNICAL_FALLBACK. No visual inspection performed.
542,IMG_7693.JPG,SMPN 02 AIR PUTIH LBJ/KKN SMPN/IMG_7693.JPG,81.97,76,A-CANDIDATE,LOW,CONTEXT_FALLBACK,PENDIDIKAN,GALLERY,FORMAL_EDU_CONTEXT,NONE,UNIQUE,CANDIDATE,TECHNICAL_FALLBACK. No visual inspection performed.
543,IMG_7694.JPG,SMPN 02 AIR PUTIH LBJ/KKN SMPN/IMG_7694.JPG,63.52,56,B-CANDIDATE,LOW,CONTEXT_FALLBACK,PENDIDIKAN,GALLERY,FORMAL_EDU_CONTEXT,NONE,UNIQUE,CANDIDATE,TECHNICAL_FALLBACK. No visual inspection performed.
544,IMG_7695.JPG,SMPN 02 AIR PUTIH LBJ/KKN SMPN/IMG_7695.JPG,55.11,48,B-CANDIDATE,LOW,CONTEXT_FALLBACK,PENDIDIKAN,GALLERY,FORMAL_EDU_CONTEXT,NONE,UNIQUE,CANDIDATE,TECHNICAL_FALLBACK. No visual inspection performed.
545,IMG_7696.JPG,SMPN 02 AIR PUTIH LBJ/KKN SMPN/IMG_7696.JPG,105.36,97,S-CANDIDATE,LOW,CONTEXT_FALLBACK,PENDIDIKAN,GALLERY,FORMAL_EDU_CONTEXT,NONE,UNIQUE,CANDIDATE,TECHNICAL_FALLBACK. No visual inspection performed.
546,IMG_7697.JPG,SMPN 02 AIR PUTIH LBJ/KKN SMPN/IMG_7697.JPG,79.27,73,A-CANDIDATE,LOW,CONTEXT_FALLBACK,PENDIDIKAN,GALLERY,FORMAL_EDU_CONTEXT,NONE,UNIQUE,CANDIDATE,TECHNICAL_FALLBACK. No visual inspection performed.
547,IMG_7698.JPG,SMPN 02 AIR PUTIH LBJ/KKN SMPN/IMG_7698.JPG,61.08,54,B-CANDIDATE,LOW,CONTEXT_FALLBACK,PENDIDIKAN,GALLERY,FORMAL_EDU_CONTEXT,NONE,UNIQUE,CANDIDATE,TECHNICAL_FALLBACK. No visual inspection performed.
548,IMG_7699.JPG,SMPN 02 AIR PUTIH LBJ/KKN SMPN/IMG_7699.JPG,62.07,54,B-CANDIDATE,LOW,CONTEXT_FALLBACK,PENDIDIKAN,GALLERY,FORMAL_EDU_CONTEXT,NONE,UNIQUE,CANDIDATE,TECHNICAL_FALLBACK. No visual inspection performed.
549,IMG_7700.JPG,SMPN 02 AIR PUTIH LBJ/KKN SMPN/IMG_7700.JPG,79.65,74,A-CANDIDATE,LOW,CONTEXT_FALLBACK,PENDIDIKAN,GALLERY,FORMAL_EDU_CONTEXT,NONE,UNIQUE,CANDIDATE,TECHNICAL_FALLBACK. No visual inspection performed.
550,IMG_7701.JPG,SMPN 02 AIR PUTIH LBJ/KKN SMPN/IMG_7701.JPG,92.09,85,S-CANDIDATE,LOW,CONTEXT_FALLBACK,PENDIDIKAN,GALLERY,FORMAL_EDU_CONTEXT,NONE,UNIQUE,CANDIDATE,TECHNICAL_FALLBACK. No visual inspection performed.
551,IMG_7703.JPG,SMPN 02 AIR PUTIH LBJ/KKN SMPN/IMG_7703.JPG,8.1,15,REJECT-CANDIDATE,LOW,CONTEXT_FALLBACK,PENDIDIKAN,GALLERY,FORMAL_EDU_CONTEXT,NONE,UNIQUE,ARCHIVE,TECHNICAL_FALLBACK. No visual inspection performed.
552,IMG_7704.JPG,SMPN 02 AIR PUTIH LBJ/KKN SMPN/IMG_7704.JPG,79.77,74,A-CANDIDATE,LOW,CONTEXT_FALLBACK,PENDIDIKAN,GALLERY,FORMAL_EDU_CONTEXT,NONE,UNIQUE,CANDIDATE,TECHNICAL_FALLBACK. No visual inspection performed.
553,IMG_7705.JPG,SMPN 02 AIR PUTIH LBJ/KKN SMPN/IMG_7705.JPG,38.52,31,C-CANDIDATE,LOW,CONTEXT_FALLBACK,PENDIDIKAN,GALLERY,FORMAL_EDU_CONTEXT,NONE,UNIQUE,CANDIDATE,TECHNICAL_FALLBACK. No visual inspection performed.
554,IMG_7708.JPG,SMPN 02 AIR PUTIH LBJ/KKN SMPN/IMG_7708.JPG,106.19,97,S-CANDIDATE,LOW,CONTEXT_FALLBACK,PENDIDIKAN,GALLERY,FORMAL_EDU_CONTEXT,NONE,UNIQUE,CANDIDATE,TECHNICAL_FALLBACK. No visual inspection performed.
555,IMG_7709.JPG,SMPN 02 AIR PUTIH LBJ/KKN SMPN/IMG_7709.JPG,38.69,31,C-CANDIDATE,LOW,CONTEXT_FALLBACK,PENDIDIKAN,GALLERY,FORMAL_EDU_CONTEXT,NONE,UNIQUE,CANDIDATE,TECHNICAL_FALLBACK. No visual inspection performed.
556,IMG_7710.JPG,SMPN 02 AIR PUTIH LBJ/KKN SMPN/IMG_7710.JPG,4.62,12,REJECT-CANDIDATE,LOW,CONTEXT_FALLBACK,PENDIDIKAN,GALLERY,FORMAL_EDU_CONTEXT,NONE,UNIQUE,ARCHIVE,TECHNICAL_FALLBACK. No visual inspection performed.
557,IMG_7711.JPG,SMPN 02 AIR PUTIH LBJ/KKN SMPN/IMG_7711.JPG,0.75,8,REJECT-CANDIDATE,LOW,CONTEXT_FALLBACK,PENDIDIKAN,GALLERY,FORMAL_EDU_CONTEXT,NONE,UNIQUE,ARCHIVE,TECHNICAL_FALLBACK. No visual inspection performed.
558,IMG_7712.JPG,SMPN 02 AIR PUTIH LBJ/KKN SMPN/IMG_7712.JPG,52.74,46,C-CANDIDATE,LOW,CONTEXT_FALLBACK,PENDIDIKAN,GALLERY,FORMAL_EDU_CONTEXT,NONE,UNIQUE,CANDIDATE,TECHNICAL_FALLBACK. No visual inspection performed.
559,IMG_7714.JPG,SMPN 02 AIR PUTIH LBJ/KKN SMPN/IMG_7714.JPG,56.22,49,B-CANDIDATE,LOW,CONTEXT_FALLBACK,PENDIDIKAN,GALLERY,FORMAL_EDU_CONTEXT,NONE,UNIQUE,CANDIDATE,TECHNICAL_FALLBACK. No visual inspection performed.
560,IMG_7715.JPG,SMPN 02 AIR PUTIH LBJ/KKN SMPN/IMG_7715.JPG,89.27,82,A-CANDIDATE,LOW,CONTEXT_FALLBACK,PENDIDIKAN,GALLERY,FORMAL_EDU_CONTEXT,NONE,UNIQUE,CANDIDATE,TECHNICAL_FALLBACK. No visual inspection performed.
561,IMG_7716.JPG,SMPN 02 AIR PUTIH LBJ/KKN SMPN/IMG_7716.JPG,12.58,18,REJECT-CANDIDATE,LOW,CONTEXT_FALLBACK,PENDIDIKAN,GALLERY,FORMAL_EDU_CONTEXT,NONE,UNIQUE,ARCHIVE,TECHNICAL_FALLBACK. No visual inspection performed.
562,IMG_7717.JPG,SMPN 02 AIR PUTIH LBJ/KKN SMPN/IMG_7717.JPG,31.56,24,C-CANDIDATE,LOW,CONTEXT_FALLBACK,PENDIDIKAN,GALLERY,FORMAL_EDU_CONTEXT,NONE,UNIQUE,CANDIDATE,TECHNICAL_FALLBACK. No visual inspection performed.
563,IMG_7718.JPG,SMPN 02 AIR PUTIH LBJ/KKN SMPN/IMG_7718.JPG,27.69,22,REJECT-CANDIDATE,LOW,CONTEXT_FALLBACK,PENDIDIKAN,GALLERY,FORMAL_EDU_CONTEXT,NONE,UNIQUE,ARCHIVE,TECHNICAL_FALLBACK. No visual inspection performed.
564,IMG_7719.JPG,SMPN 02 AIR PUTIH LBJ/KKN SMPN/IMG_7719.JPG,55.11,48,B-CANDIDATE,LOW,CONTEXT_FALLBACK,PENDIDIKAN,GALLERY,FORMAL_EDU_CONTEXT,NONE,UNIQUE,CANDIDATE,TECHNICAL_FALLBACK. No visual inspection performed.
565,IMG_7720.JPG,SMPN 02 AIR PUTIH LBJ/KKN SMPN/IMG_7720.JPG,13.91,19,REJECT-CANDIDATE,LOW,CONTEXT_FALLBACK,PENDIDIKAN,GALLERY,FORMAL_EDU_CONTEXT,NONE,UNIQUE,ARCHIVE,TECHNICAL_FALLBACK. No visual inspection performed.
566,IMG_7721.JPG,SMPN 02 AIR PUTIH LBJ/KKN SMPN/IMG_7721.JPG,66.05,59,B-CANDIDATE,LOW,CONTEXT_FALLBACK,PENDIDIKAN,GALLERY,FORMAL_EDU_CONTEXT,NONE,UNIQUE,CANDIDATE,TECHNICAL_FALLBACK. No visual inspection performed.
567,IMG_7722.JPG,SMPN 02 AIR PUTIH LBJ/KKN SMPN/IMG_7722.JPG,29.57,22,REJECT-CANDIDATE,LOW,CONTEXT_FALLBACK,PENDIDIKAN,GALLERY,FORMAL_EDU_CONTEXT,NONE,UNIQUE,ARCHIVE,TECHNICAL_FALLBACK. No visual inspection performed.
568,IMG_7723.JPG,SMPN 02 AIR PUTIH LBJ/KKN SMPN/IMG_7723.JPG,43.67,37,C-CANDIDATE,LOW,CONTEXT_FALLBACK,PENDIDIKAN,GALLERY,FORMAL_EDU_CONTEXT,NONE,UNIQUE,CANDIDATE,TECHNICAL_FALLBACK. No visual inspection performed.
569,IMG_7728.JPG,SMPN 02 AIR PUTIH LBJ/KKN SMPN/IMG_7728.JPG,65.06,58,B-CANDIDATE,LOW,CONTEXT_FALLBACK,PENDIDIKAN,GALLERY,FORMAL_EDU_CONTEXT,NONE,UNIQUE,CANDIDATE,TECHNICAL_FALLBACK. No visual inspection performed.
570,IMG_7730.JPG,SMPN 02 AIR PUTIH LBJ/KKN SMPN/IMG_7730.JPG,75.67,70,A-CANDIDATE,LOW,CONTEXT_FALLBACK,PENDIDIKAN,GALLERY,FORMAL_EDU_CONTEXT,NONE,UNIQUE,CANDIDATE,TECHNICAL_FALLBACK. No visual inspection performed.
571,IMG_7731.JPG,SMPN 02 AIR PUTIH LBJ/KKN SMPN/IMG_7731.JPG,68.33,61,B-CANDIDATE,LOW,CONTEXT_FALLBACK,PENDIDIKAN,GALLERY,FORMAL_EDU_CONTEXT,NONE,UNIQUE,CANDIDATE,TECHNICAL_FALLBACK. No visual inspection performed.
572,IMG_7732.JPG,SMPN 02 AIR PUTIH LBJ/KKN SMPN/IMG_7732.JPG,68.87,62,B-CANDIDATE,LOW,CONTEXT_FALLBACK,PENDIDIKAN,GALLERY,FORMAL_EDU_CONTEXT,NONE,UNIQUE,CANDIDATE,TECHNICAL_FALLBACK. No visual inspection performed.
573,IMG_7734.JPG,SMPN 02 AIR PUTIH LBJ/KKN SMPN/IMG_7734.JPG,42.12,35,C-CANDIDATE,LOW,CONTEXT_FALLBACK,PENDIDIKAN,GALLERY,FORMAL_EDU_CONTEXT,NONE,UNIQUE,CANDIDATE,TECHNICAL_FALLBACK. No visual inspection performed.
574,IMG_7735.JPG,SMPN 02 AIR PUTIH LBJ/KKN SMPN/IMG_7735.JPG,52.12,45,C-CANDIDATE,LOW,CONTEXT_FALLBACK,PENDIDIKAN,GALLERY,FORMAL_EDU_CONTEXT,NONE,UNIQUE,CANDIDATE,TECHNICAL_FALLBACK. No visual inspection performed.
575,IMG_7736.JPG,SMPN 02 AIR PUTIH LBJ/KKN SMPN/IMG_7736.JPG,-1.68,6,REJECT-CANDIDATE,LOW,CONTEXT_FALLBACK,PENDIDIKAN,GALLERY,FORMAL_EDU_CONTEXT,NONE,UNIQUE,ARCHIVE,TECHNICAL_FALLBACK. No visual inspection performed.
576,IMG_7737.JPG,SMPN 02 AIR PUTIH LBJ/KKN SMPN/IMG_7737.JPG,88.11,81,A-CANDIDATE,LOW,CONTEXT_FALLBACK,PENDIDIKAN,GALLERY,FORMAL_EDU_CONTEXT,NONE,UNIQUE,CANDIDATE,TECHNICAL_FALLBACK. No visual inspection performed.
577,IMG_7759.JPG,SMPN 02 AIR PUTIH LBJ/KKN SMPN/IMG_7759.JPG,0.31,8,REJECT-CANDIDATE,LOW,CONTEXT_FALLBACK,PENDIDIKAN,GALLERY,FORMAL_EDU_CONTEXT,NONE,UNIQUE,ARCHIVE,TECHNICAL_FALLBACK. No visual inspection performed.
578,IMG_7760.JPG,SMPN 02 AIR PUTIH LBJ/KKN SMPN/IMG_7760.JPG,48.64,42,C-CANDIDATE,LOW,CONTEXT_FALLBACK,PENDIDIKAN,GALLERY,FORMAL_EDU_CONTEXT,NONE,UNIQUE,CANDIDATE,TECHNICAL_FALLBACK. No visual inspection performed.
579,IMG_7761.JPG,SMPN 02 AIR PUTIH LBJ/KKN SMPN/IMG_7761.JPG,37.65,30,C-CANDIDATE,LOW,CONTEXT_FALLBACK,PENDIDIKAN,GALLERY,FORMAL_EDU_CONTEXT,NONE,UNIQUE,CANDIDATE,TECHNICAL_FALLBACK. No visual inspection performed.
580,IMG_7762.JPG,SMPN 02 AIR PUTIH LBJ/KKN SMPN/IMG_7762.JPG,-2.01,5,REJECT-CANDIDATE,LOW,CONTEXT_FALLBACK,PENDIDIKAN,GALLERY,FORMAL_EDU_CONTEXT,NONE,UNIQUE,ARCHIVE,TECHNICAL_FALLBACK. No visual inspection performed.
581,IMG_7763.JPG,SMPN 02 AIR PUTIH LBJ/KKN SMPN/IMG_7763.JPG,69.87,63,B-CANDIDATE,LOW,CONTEXT_FALLBACK,PENDIDIKAN,GALLERY,FORMAL_EDU_CONTEXT,NONE,UNIQUE,CANDIDATE,TECHNICAL_FALLBACK. No visual inspection performed.
582,IMG_7764(1).JPG,SMPN 02 AIR PUTIH LBJ/KKN SMPN/IMG_7764(1).JPG,38.31,31,C-CANDIDATE,LOW,CONTEXT_FALLBACK,PENDIDIKAN,GALLERY,FORMAL_EDU_CONTEXT,DG-015,SIMILAR_CANDIDATE,CANDIDATE,TECHNICAL_FALLBACK. No visual inspection performed.
583,IMG_7764.JPG,SMPN 02 AIR PUTIH LBJ/KKN SMPN/IMG_7764.JPG,79.15,73,A-CANDIDATE,LOW,CONTEXT_FALLBACK,PENDIDIKAN,GALLERY,FORMAL_EDU_CONTEXT,DG-015,MASTER_CANDIDATE,CANDIDATE,TECHNICAL_FALLBACK. No visual inspection performed.
584,IMG_7765.JPG,SMPN 02 AIR PUTIH LBJ/KKN SMPN/IMG_7765.JPG,9.26,16,REJECT-CANDIDATE,LOW,CONTEXT_FALLBACK,PENDIDIKAN,GALLERY,FORMAL_EDU_CONTEXT,NONE,UNIQUE,ARCHIVE,TECHNICAL_FALLBACK. No visual inspection performed.
585,IMG_7767.JPG,SMPN 02 AIR PUTIH LBJ/KKN SMPN/IMG_7767.JPG,50.46,44,C-CANDIDATE,LOW,CONTEXT_FALLBACK,PENDIDIKAN,GALLERY,FORMAL_EDU_CONTEXT,NONE,UNIQUE,CANDIDATE,TECHNICAL_FALLBACK. No visual inspection performed.
586,IMG_7768.JPG,SMPN 02 AIR PUTIH LBJ/KKN SMPN/IMG_7768.JPG,71.48,65,B-CANDIDATE,LOW,CONTEXT_FALLBACK,PENDIDIKAN,GALLERY,FORMAL_EDU_CONTEXT,NONE,UNIQUE,CANDIDATE,TECHNICAL_FALLBACK. No visual inspection performed.
587,IMG_7769.JPG,SMPN 02 AIR PUTIH LBJ/KKN SMPN/IMG_7769.JPG,71.53,65,B-CANDIDATE,LOW,CONTEXT_FALLBACK,PENDIDIKAN,GALLERY,FORMAL_EDU_CONTEXT,NONE,UNIQUE,CANDIDATE,TECHNICAL_FALLBACK. No visual inspection performed.
588,IMG_7770.JPG,SMPN 02 AIR PUTIH LBJ/KKN SMPN/IMG_7770.JPG,89.27,82,A-CANDIDATE,LOW,CONTEXT_FALLBACK,PENDIDIKAN,GALLERY,FORMAL_EDU_CONTEXT,NONE,UNIQUE,CANDIDATE,TECHNICAL_FALLBACK. No visual inspection performed.
589,IMG_7771.JPG,SMPN 02 AIR PUTIH LBJ/KKN SMPN/IMG_7771.JPG,1.42,9,REJECT-CANDIDATE,LOW,CONTEXT_FALLBACK,PENDIDIKAN,GALLERY,FORMAL_EDU_CONTEXT,NONE,UNIQUE,ARCHIVE,TECHNICAL_FALLBACK. No visual inspection performed.
590,IMG_7775.JPG,SMPN 02 AIR PUTIH LBJ/KKN SMPN/IMG_7775.JPG,43.33,37,C-CANDIDATE,LOW,CONTEXT_FALLBACK,PENDIDIKAN,GALLERY,FORMAL_EDU_CONTEXT,NONE,UNIQUE,CANDIDATE,TECHNICAL_FALLBACK. No visual inspection performed.
591,IMG_7779.JPG,SMPN 02 AIR PUTIH LBJ/KKN SMPN/IMG_7779.JPG,4.07,12,REJECT-CANDIDATE,LOW,CONTEXT_FALLBACK,PENDIDIKAN,GALLERY,FORMAL_EDU_CONTEXT,NONE,UNIQUE,ARCHIVE,TECHNICAL_FALLBACK. No visual inspection performed.
592,IMG_7780.JPG,SMPN 02 AIR PUTIH LBJ/KKN SMPN/IMG_7780.JPG,77.16,72,A-CANDIDATE,LOW,CONTEXT_FALLBACK,PENDIDIKAN,GALLERY,FORMAL_EDU_CONTEXT,NONE,UNIQUE,CANDIDATE,TECHNICAL_FALLBACK. No visual inspection performed.
593,IMG_7781.JPG,SMPN 02 AIR PUTIH LBJ/KKN SMPN/IMG_7781.JPG,3.46,11,REJECT-CANDIDATE,LOW,CONTEXT_FALLBACK,PENDIDIKAN,GALLERY,FORMAL_EDU_CONTEXT,NONE,UNIQUE,ARCHIVE,TECHNICAL_FALLBACK. No visual inspection performed.
594,IMG_7782.JPG,SMPN 02 AIR PUTIH LBJ/KKN SMPN/IMG_7782.JPG,40.3,33,C-CANDIDATE,LOW,CONTEXT_FALLBACK,PENDIDIKAN,GALLERY,FORMAL_EDU_CONTEXT,NONE,UNIQUE,CANDIDATE,TECHNICAL_FALLBACK. No visual inspection performed.
595,IMG_7784.JPG,SMPN 02 AIR PUTIH LBJ/KKN SMPN/IMG_7784.JPG,102.54,94,S-CANDIDATE,LOW,CONTEXT_FALLBACK,PENDIDIKAN,GALLERY,FORMAL_EDU_CONTEXT,NONE,UNIQUE,CANDIDATE,TECHNICAL_FALLBACK. No visual inspection performed.
596,IMG_7785.JPG,SMPN 02 AIR PUTIH LBJ/KKN SMPN/IMG_7785.JPG,92.21,85,S-CANDIDATE,LOW,CONTEXT_FALLBACK,PENDIDIKAN,GALLERY,FORMAL_EDU_CONTEXT,NONE,UNIQUE,CANDIDATE,TECHNICAL_FALLBACK. No visual inspection performed.
597,IMG_7786.JPG,SMPN 02 AIR PUTIH LBJ/KKN SMPN/IMG_7786.JPG,-4.17,3,REJECT-CANDIDATE,LOW,CONTEXT_FALLBACK,PENDIDIKAN,GALLERY,FORMAL_EDU_CONTEXT,NONE,UNIQUE,ARCHIVE,TECHNICAL_FALLBACK. No visual inspection performed.
598,IMG_7787.JPG,SMPN 02 AIR PUTIH LBJ/KKN SMPN/IMG_7787.JPG,100.38,93,S-CANDIDATE,LOW,CONTEXT_FALLBACK,PENDIDIKAN,GALLERY,FORMAL_EDU_CONTEXT,NONE,UNIQUE,CANDIDATE,TECHNICAL_FALLBACK. No visual inspection performed.
599,IMG_7788.JPG,SMPN 02 AIR PUTIH LBJ/KKN SMPN/IMG_7788.JPG,67.21,60,B-CANDIDATE,LOW,CONTEXT_FALLBACK,PENDIDIKAN,GALLERY,FORMAL_EDU_CONTEXT,NONE,UNIQUE,CANDIDATE,TECHNICAL_FALLBACK. No visual inspection performed.
600,IMG_7790.JPG,SMPN 02 AIR PUTIH LBJ/KKN SMPN/IMG_7790.JPG,20.56,20,REJECT-CANDIDATE,LOW,CONTEXT_FALLBACK,PENDIDIKAN,GALLERY,FORMAL_EDU_CONTEXT,NONE,UNIQUE,ARCHIVE,TECHNICAL_FALLBACK. No visual inspection performed.
601,IMG_7791.JPG,SMPN 02 AIR PUTIH LBJ/KKN SMPN/IMG_7791.JPG,36.65,29,C-CANDIDATE,LOW,CONTEXT_FALLBACK,PENDIDIKAN,GALLERY,FORMAL_EDU_CONTEXT,NONE,UNIQUE,CANDIDATE,TECHNICAL_FALLBACK. No visual inspection performed.
602,IMG_7792.JPG,SMPN 02 AIR PUTIH LBJ/KKN SMPN/IMG_7792.JPG,107.35,98,S-CANDIDATE,LOW,CONTEXT_FALLBACK,PENDIDIKAN,GALLERY,FORMAL_EDU_CONTEXT,NONE,UNIQUE,CANDIDATE,TECHNICAL_FALLBACK. No visual inspection performed.
603,IMG_7793.JPG,SMPN 02 AIR PUTIH LBJ/KKN SMPN/IMG_7793.JPG,45.66,39,C-CANDIDATE,LOW,CONTEXT_FALLBACK,PENDIDIKAN,GALLERY,FORMAL_EDU_CONTEXT,NONE,UNIQUE,CANDIDATE,TECHNICAL_FALLBACK. No visual inspection performed.
